id,name,price,roastery,country,process,product_url,description,blend,decaf,gesha,price_per_gram
1205,마마카타 모키타 ASD 내추럴 2021 BOP #1 - Non Auction,750000,세웅지씨,파나마,내추럴,https://www.sewoonggc.com:443/shop/item.php?it_id=1642498489,,False,False,False,750.0
1439,에스메랄다 아길라 5 BANC 내추럴,540000,세웅지씨,파나마,내추럴,https://www.sewoonggc.com:443/shop/item.php?it_id=1784799189,,False,False,False,540.0
1442,에스메랄다 노리아 8 FB 워시드,490000,세웅지씨,파나마,워시드,https://www.sewoonggc.com:443/shop/item.php?it_id=1784794995,,False,False,False,490.0
1441,에스메랄다 레온 7 WB 워시드,490000,세웅지씨,파나마,워시드,https://www.sewoonggc.com:443/shop/item.php?it_id=1784797955,,False,False,False,490.0
1440,에스메랄다 이고 8 NB 내추럴,490000,세웅지씨,파나마,내추럴,https://www.sewoonggc.com:443/shop/item.php?it_id=1784798756,,False,False,False,490.0
1295,에스메랄다 스페셜 게이샤 내추럴 AGUILA 5NC,445000,세웅지씨,파나마,내추럴,https://www.sewoonggc.com:443/shop/item.php?it_id=1754990483,,False,False,True,445.0
1296,에스메랄다 스페셜 게이샤 워시드 GUABO 6FB,395000,세웅지씨,파나마,워시드,https://www.sewoonggc.com:443/shop/item.php?it_id=1754989945,,False,False,True,395.0
1148,코토와 라스브루하스 게이샤 내추럴 #747,330000,세웅지씨,파나마,내추럴,https://www.sewoonggc.com:443/shop/item.php?it_id=1779454605,,False,False,True,330.0
1147,코토와 라스브루하스 게이샤 내추럴 #863,330000,세웅지씨,파나마,내추럴,https://www.sewoonggc.com:443/shop/item.php?it_id=1779456113,,False,False,True,330.0
1285,핀카 레리다 게이샤 내추럴 Cascada #0482,295000,세웅지씨,파나마,내추럴,https://www.sewoonggc.com:443/shop/item.php?it_id=1755754803,,False,False,True,295.0
1359,핀카 레리다 게이샤 허니 1800 Cascada #0412,295000,세웅지씨,파나마,허니,https://www.sewoonggc.com:443/shop/item.php?it_id=1755518894,,False,False,True,295.0
1287,핀카 레리다 게이샤 블랙허니 2025 #0454,260000,세웅지씨,파나마,허니,https://www.sewoonggc.com:443/shop/item.php?it_id=1755519467,,False,False,True,260.0
1358,카페 코토와 라스브루하스 내추럴 #807,258000,세웅지씨,파나마,내추럴,https://www.sewoonggc.com:443/shop/item.php?it_id=1755520417,,False,False,False,258.0
1248,핀카 레리다 게이샤 워시드 #0653,248000,세웅지씨,파나마,워시드,https://www.sewoonggc.com:443/shop/item.php?it_id=1781487781,,False,False,True,248.0
1238,핀카 레리다 게이샤 내추럴 #07791,245000,세웅지씨,파나마,내추럴,https://www.sewoonggc.com:443/shop/item.php?it_id=1781500477,,False,False,True,245.0
1291,핀카 레리다 게이샤 워시드 1800 #0370,245000,세웅지씨,파나마,워시드,https://www.sewoonggc.com:443/shop/item.php?it_id=1755518490,,False,False,True,245.0
1286,카페 코토와 라스브루하스 내추럴 #1103,214000,세웅지씨,파나마,내추럴,https://www.sewoonggc.com:443/shop/item.php?it_id=1755520185,,False,False,False,214.0
1223,카페 코토와 라스브루하스 내추럴 #998,214000,세웅지씨,파나마,내추럴,https://www.sewoonggc.com:443/shop/item.php?it_id=1755520077,,False,False,False,214.0
1151,핀카 레리다 게이샤 워시드 Cascada #0480,210000,세웅지씨,파나마,워시드,https://www.sewoonggc.com:443/shop/item.php?it_id=1775202979,,False,False,True,210.0
1243,핀카 레리다 게이샤 콜드 허니 #07901,208000,세웅지씨,파나마,허니,https://www.sewoonggc.com:443/shop/item.php?it_id=1781498656,,False,False,True,208.0
1241,핀카 레리다 게이샤 내추럴 카스카다 #07241,205000,세웅지씨,파나마,내추럴,https://www.sewoonggc.com:443/shop/item.php?it_id=1781499313,,False,False,True,205.0
592,예멘 퀴마 알 오파이리 XI 켄트 알케미,200000,엠아이커피,예멘,Alchemy,https://www.micoffee.co.kr/goods/goods_view.php?goodsNo=1000007332,품종: Kent,False,False,False,200.0
1300,핀카 레리다 게이샤 워시드 1800 Lot 0383,200000,세웅지씨,파나마,워시드,https://www.sewoonggc.com:443/shop/item.php?it_id=1748419451,,False,False,True,200.0
1372,파나마 핀카 레리다 게이샤 허니 1750,198000,세웅지씨,파나마,허니,https://www.sewoonggc.com:443/shop/item.php?it_id=1720519387,,False,False,True,198.0
1363,핀카 레리다 게이샤 내추럴 ASD 1700 Lot 0252,198000,세웅지씨,파나마,내추럴,https://www.sewoonggc.com:443/shop/item.php?it_id=1742871789,,False,False,True,198.0
1247,핀카 레리다 게이샤 워시드 #06651,198000,세웅지씨,파나마,워시드,https://www.sewoonggc.com:443/shop/item.php?it_id=1781494903,,False,False,True,198.0
1186,카페 코토와 라스브루하스 워시드 #3509,196000,세웅지씨,파나마,워시드,https://www.sewoonggc.com:443/shop/item.php?it_id=1755519694,,False,False,False,196.0
1245,핀카 레리다 게이샤 블랙 허니 #07381,195000,세웅지씨,파나마,허니,https://www.sewoonggc.com:443/shop/item.php?it_id=1781497621,,False,False,True,195.0
1188,핀카 레리다 게이샤 블랙허니 1800 Lot 0387,195000,세웅지씨,파나마,허니,https://www.sewoonggc.com:443/shop/item.php?it_id=1748419749,,False,False,True,195.0
1290,핀카 레리다 게이샤 허니 1800 #0408,194000,세웅지씨,파나마,허니,https://www.sewoonggc.com:443/shop/item.php?it_id=1755518717,,False,False,True,194.0
1362,핀카 레리다 게이샤 내추럴 1600 Lot 0349,190000,세웅지씨,파나마,내추럴,https://www.sewoonggc.com:443/shop/item.php?it_id=1748418066,,False,False,True,190.0
1184,2025 인헤르토 옥션랏 칼라카 게이샤 워시드,188000,세웅지씨,과테말라,워시드,https://www.sewoonggc.com:443/shop/item.php?it_id=1756446514,,False,False,True,188.0
1203,카페 코토와 라스 브루하스 게이샤 워시드 #1803,188000,세웅지씨,파나마,워시드,https://www.sewoonggc.com:443/shop/item.php?it_id=1718093317,,False,False,True,188.0
1246,핀카 레리다 게이샤 허니 #06501,185000,세웅지씨,파나마,허니,https://www.sewoonggc.com:443/shop/item.php?it_id=1781497232,,False,False,True,185.0
1319,파나마 핀카 레리다 게이샤 내추럴 1800 PP-0191,180000,세웅지씨,파나마,내추럴,https://www.sewoonggc.com:443/shop/item.php?it_id=1725952558,,False,False,True,180.0
1242,핀카 레리다 게이샤 내추럴 #0644,179000,세웅지씨,파나마,내추럴,https://www.sewoonggc.com:443/shop/item.php?it_id=1781498931,,False,False,True,179.0
1193,카페 코토와 라스 브루하스 게이샤 내추럴 #2224,178200,세웅지씨,파나마,내추럴,https://www.sewoonggc.com:443/shop/item.php?it_id=1731997061,,False,False,True,178.2
1185,카페 코토와 던칸 내추럴 #34-12-T2,177000,세웅지씨,파나마,내추럴,https://www.sewoonggc.com:443/shop/item.php?it_id=1755520256,,False,False,False,177.0
1288,핀카 레리다 게이샤 허니 1900 #0435,176000,세웅지씨,파나마,허니,https://www.sewoonggc.com:443/shop/item.php?it_id=1755519301,,False,False,True,176.0
1239,핀카 레리다 게이샤 내추럴 #0746,175000,세웅지씨,파나마,내추럴,https://www.sewoonggc.com:443/shop/item.php?it_id=1781500184,,False,False,True,175.0
1240,핀카 레리다 게이샤 내추럴 #07681,175000,세웅지씨,파나마,내추럴,https://www.sewoonggc.com:443/shop/item.php?it_id=1781499843,,False,False,True,175.0
1220,핀카 레리다 게이샤 내추럴 1700 Lot 0201,175000,세웅지씨,파나마,내추럴,https://www.sewoonggc.com:443/shop/item.php?it_id=1742871770,,False,False,True,175.0
1219,핀카 레리다 게이샤 내추럴 1700 Lot 0227,175000,세웅지씨,파나마,내추럴,https://www.sewoonggc.com:443/shop/item.php?it_id=1742871782,,False,False,True,175.0
1283,CCD 로스포조스 게이샤 내추럴 인트린직,174000,세웅지씨,파나마,내추럴,https://www.sewoonggc.com:443/shop/item.php?it_id=1759316965,,False,False,True,174.0
1293,에스메랄다 프라이빗 컬렉션 내추럴 엘베로 (483),174000,세웅지씨,파나마,내추럴,https://www.sewoonggc.com:443/shop/item.php?it_id=1754990787,,False,False,False,174.0
591,예멘 퀴마 아미라 알 카디 예메니아 내추럴,174000,엠아이커피,예멘,Natural,https://www.micoffee.co.kr/goods/goods_view.php?goodsNo=1000007334,품종: Yemenia,False,False,False,174.0
590,예멘 퀴마 후리아 알 시야기 예메니아 내추럴,174000,엠아이커피,예멘,Natural,https://www.micoffee.co.kr/goods/goods_view.php?goodsNo=1000007333,품종: Yemenia,False,False,False,174.0
801,하와이안 '칸시뇨' 코나 엑스트라 팬시,171000,소펙스코리아,하와이,Washed,https://sopexkorea.com/product/detail.html?product_no=864,품종: 100% Kona Typica,False,False,False,171.0
909,파나마 라 에스메랄다 프라이빗 컬렉션 엘 벨로 게이샤 워시드,165000,더블유빈,파나마,Washed,https://www.wbeans.com/goods/goods_view.php?goodsNo=1000008431,품종: Geisha,False,False,True,165.0
381,파나마 핀카 하트만 게이샤 내추럴,165000,커피리브레,파나마,내추럴 Natural,https://coffeelibre.kr/product/detail.html?product_no=7131&amp;cate_no=56&amp;display_group=1,품종: 게이샤 Geisha,False,False,True,165.0
1360,핀카 레리다 게이샤 워시드 1700 Lot 0390,165000,세웅지씨,파나마,워시드,https://www.sewoonggc.com:443/shop/item.php?it_id=1748419119,,False,False,True,165.0
1244,핀카 레리다 게이샤 허니 #0727,165000,세웅지씨,파나마,허니,https://www.sewoonggc.com:443/shop/item.php?it_id=1781498367,,False,False,True,165.0
1361,핀카 레리다 게이샤 허니 1600 Lot 0325,165000,세웅지씨,파나마,허니,https://www.sewoonggc.com:443/shop/item.php?it_id=1748418872,,False,False,True,165.0
1294,에스메랄다 프라이빗 컬렉션 워시드 엘베로 (482),164000,세웅지씨,파나마,워시드,https://www.sewoonggc.com:443/shop/item.php?it_id=1754990633,,False,False,False,164.0
1292,핀카 레리다 게이샤 허니 1600 Cold Room #0354,163000,세웅지씨,파나마,허니,https://www.sewoonggc.com:443/shop/item.php?it_id=1755518242,,False,False,True,163.0
379,파나마 핀카 아우로마르 파이어스톤 게이샤,160000,커피리브레,파나마,워시드 Washed,https://coffeelibre.kr/product/detail.html?product_no=7126&amp;cate_no=56&amp;display_group=1,품종: 게이샤 Geisha,False,False,True,160.0
380,파나마 핀카 하트만 게이샤,160000,커피리브레,파나마,워시드 Washed,https://coffeelibre.kr/product/detail.html?product_no=7130&amp;cate_no=56&amp;display_group=1,품종: 게이샤 Geisha,False,False,True,160.0
1235,2024 게이샤 프라이빗 컬렉션 카냐스 베르데스 내추럴,159000,세웅지씨,파나마,내추럴,https://www.sewoonggc.com:443/shop/item.php?it_id=1726037760,,False,False,True,159.0
1145,핀카 레리다 게이샤 내추럴 카스카다 #0741,159000,세웅지씨,파나마,내추럴,https://www.sewoonggc.com:443/shop/item.php?it_id=1781504672,,False,False,True,159.0
445,하와이 홀루아로아 엑스트라 팬시 코나,159000,GSC,하와이,Washed,https://www.gsc.coffee/goods/goods_view.php?goodsNo=1000001361,,False,False,False,159.0
1182,CCD 로스포조스 게이샤 내추럴 다이나믹,154000,세웅지씨,파나마,내추럴,https://www.sewoonggc.com:443/shop/item.php?it_id=1759315882,,False,False,True,154.0
971,자메이카 블루마운틴 No.1 워시드 Jamaica,150000,블레스빈,자메이카,워시드 Washed,https://blessbean.co.kr/shop/item.php?it_id=JM-BN1W001,품종: 티피카 블루 마운틴 Typica Blue Mountain,False,False,False,150.0
1457,신규입고 콜롬비아 바예 델 카우카 캄포 에르모소 수단 루메 이니그마 Colombia,150000,블레스빈,콜롬비아,이니그마 Enigma,https://blessbean.co.kr/shop/item.php?it_id=CO-CHSR001,품종: 수단 루메 Sudan Rume,False,False,False,150.0
1194,카페 코토와 라스 브루하스 게이샤 워시드 #1880,149000,세웅지씨,파나마,워시드,https://www.sewoonggc.com:443/shop/item.php?it_id=1731996614,,False,False,True,149.0
1327,코토와 라스 브루하스 게이샤 내추럴 #2045,149000,세웅지씨,파나마,내추럴,https://www.sewoonggc.com:443/shop/item.php?it_id=1715934272,,False,False,True,149.0
1284,핀카 레리다 게이샤 내추럴 2025m Cascada #0489,149000,세웅지씨,파나마,내추럴,https://www.sewoonggc.com:443/shop/item.php?it_id=1755755232,,False,False,True,149.0
858,자메이카 '클리프톤 Mt' 블루 마운틴 No.1,148000,소펙스코리아,자메이카,Washed,https://sopexkorea.com/product/detail.html?product_no=983,품종: Typica Blue Mountain,False,False,False,148.0
1167,하와이안 코나 엑스트라 팬시,146500,세웅지씨,하와이,,https://www.sewoonggc.com:443/shop/item.php?it_id=1769770320,,False,False,False,146.5
1311,2024 게이샤 프라이빗 컬렉션 엘베로 게이샤 내추럴,145000,세웅지씨,파나마,내추럴,https://www.sewoonggc.com:443/shop/item.php?it_id=1732000416,,False,False,True,145.0
1371,2024 게이샤 프라이빗 컬렉션 카냐스 베르데스 워시드,145000,세웅지씨,파나마,워시드,https://www.sewoonggc.com:443/shop/item.php?it_id=1726036817,,False,False,True,145.0
1412,라 마카레나 매그놀리아 페탈 게이샤,145000,세웅지씨,콜롬비아,,https://www.sewoonggc.com:443/shop/item.php?it_id=1732071408,,False,False,True,145.0
1289,핀카 레리다 게이샤 워시드 1600 #0428,145000,세웅지씨,파나마,워시드,https://www.sewoonggc.com:443/shop/item.php?it_id=1755519050,,False,False,True,145.0
912,하와이 브루스 콘웰 코나 팬시 워시드,145000,더블유빈,하와이,Washed,https://www.wbeans.com/goods/goods_view.php?goodsNo=1000007591,품종: Kona Typica,False,False,False,145.0
1415,코토와 던칸 게이샤 내추럴 #2295,139000,세웅지씨,파나마,내추럴,https://www.sewoonggc.com:443/shop/item.php?it_id=1731996833,,False,False,True,139.0
456,자메이카 블루 마운틴 No.1,138000,GSC,자메이카,Washed,https://www.gsc.coffee/goods/goods_view.php?goodsNo=1000000863,,False,False,False,138.0
1417,코토와 라스 브루하스 게이샤 내추럴 #2053,135800,세웅지씨,파나마,내추럴,https://www.sewoonggc.com:443/shop/item.php?it_id=1715934420,,False,False,True,135.8
1206,블루마운틴 No.1 마비스뱅크,135000,세웅지씨,자메이카,,https://www.sewoonggc.com:443/shop/item.php?it_id=1630496279,,False,False,False,135.0
353,온두라스 라 살바헤 게이샤 내추럴,135000,커피리브레,온두라스,내추럴 Natural,https://coffeelibre.kr/product/detail.html?product_no=6929&amp;cate_no=56&amp;display_group=1,품종: 게이샤 Geisha,False,False,True,135.0
1262,하와이안 코나 팬시,135000,세웅지씨,하와이,,https://www.sewoonggc.com:443/shop/item.php?it_id=1769769453,,False,False,False,135.0
1301,CCD 돈 벤지 게이샤 내추럴 ASD,133000,세웅지씨,파나마,내추럴,https://www.sewoonggc.com:443/shop/item.php?it_id=1739174517,,False,False,True,133.0
573,과테말라 엘 소코로 게이샤 워시드,131000,엠아이커피,과테말라,Fully Washed,https://www.micoffee.co.kr/goods/goods_view.php?goodsNo=1000005000,품종: Geisha,False,False,True,131.0
1134,게샤빌리지 수르마 게샤1931 내추럴,129000,세웅지씨,에티오피아,내추럴,https://www.sewoonggc.com:443/shop/item.php?it_id=1731894453,,False,False,True,129.0
1350,블루마운틴 No.1 내추럴,129000,세웅지씨,자메이카,내추럴,https://www.sewoonggc.com:443/shop/item.php?it_id=1628069431,,False,False,False,129.0
1212,블루마운틴 No.1 워시드 클리프턴,128000,세웅지씨,자메이카,워시드,https://www.sewoonggc.com:443/shop/item.php?it_id=1484111429,,False,False,False,128.0
191,콜롬비아 라 에스페란자 만델라 X.O 내추럴,125000,에이션빈,콜롬비아,내추럴,https://www.asianbean.co.kr/shop/shopdetail.html?branduid=12249233&amp;xcode=009&amp;mcode=002&amp;scode=&amp;type=X&amp;sort=manual&amp;current_category=009&amp;search=&amp;GfDT=bWl3VA%3D%3D,,False,False,False,125.0
1237,핀카 레리다 게이샤 워시드 #0609,125000,세웅지씨,파나마,워시드,https://www.sewoonggc.com:443/shop/item.php?it_id=1781504659,,False,False,True,125.0
1305,CCD 라 밀라그로사 게이샤 내추럴 ASD,124000,세웅지씨,파나마,내추럴,https://www.sewoonggc.com:443/shop/item.php?it_id=1737361006,,False,False,True,124.0
577,파나마 엘 바하레케 게이샤 워시드,121000,엠아이커피,파나마,Fully Washed,https://www.micoffee.co.kr/goods/goods_view.php?goodsNo=1000007103,품종: Geisha,False,False,True,121.0
1168,하와이안 코나 프라임,117000,세웅지씨,하와이,,https://www.sewoonggc.com:443/shop/item.php?it_id=1769763075,,False,False,False,117.0
1306,콜롬비아 라 팔마 & 엘 투칸 자바 pH Clarity,114000,세웅지씨,콜롬비아,,https://www.sewoonggc.com:443/shop/item.php?it_id=1737101124,,False,False,False,114.0
745,콜롬비아 크라운쥬얼 카보닉 허니 그린 애플 에드윈 노레냐,111400,로열커피,콜롬비아,허니,https://royalcoffeekorea.co.kr/goods/goods_view.php?goodsNo=1816,품종: 카투라,False,False,False,111.4
429,콜롬비아 엘 디비소 아지 버번 아나에어로빅 내추럴,110000,GSC,콜롬비아,Anaerobic Natural,https://www.gsc.coffee/goods/goods_view.php?goodsNo=1000001348,,False,False,False,110.0
558,콜롬비아 라스 마가리타스 CGLE-17 워시드,105000,엠아이커피,콜롬비아,Fully Washed,https://www.micoffee.co.kr/goods/goods_view.php?goodsNo=1000006886,품종: CGLE-17,False,False,False,105.0
463,파나마 보니타스프링 SL 28 내추럴 · 아울렛,105000,GSC,파나마,Natural,https://www.gsc.coffee/goods/goods_view.php?goodsNo=1000000981,,False,False,False,105.0
464,파나마 보니타스프링 우쉬우쉬 내추럴 · 아울렛,105000,GSC,파나마,Natural,https://www.gsc.coffee/goods/goods_view.php?goodsNo=1000000980,,False,False,False,105.0
465,파나마 새비지 파카마라 내추럴 · 아울렛,105000,GSC,파나마,Natural,https://www.gsc.coffee/goods/goods_view.php?goodsNo=1000001161,,False,False,False,105.0
466,파나마 하트만 치코 가요 내추럴 · 아울렛,105000,GSC,파나마,Natural,https://www.gsc.coffee/goods/goods_view.php?goodsNo=1000000983,,False,False,False,105.0
1200,콜롬비아 EXOTIC 게이샤 루나 - 핀카 엘 파라이소,104000,세웅지씨,콜롬비아,,https://www.sewoonggc.com:443/shop/item.php?it_id=1726809876,,False,False,True,104.0
195,콜롬비아 라 에스페란자 시드라 워시드,99000,에이션빈,콜롬비아,워시드,https://www.asianbean.co.kr/shop/shopdetail.html?branduid=12249229&amp;xcode=009&amp;mcode=002&amp;scode=&amp;type=X&amp;sort=manual&amp;current_category=009&amp;search=&amp;GfDT=bGd3WA%3D%3D,,False,False,False,99.0
744,콜롬비아 크라운쥬얼 카보닉 허니 피치 에드윈 노레냐,98200,로열커피,콜롬비아,허니,https://royalcoffeekorea.co.kr/goods/goods_view.php?goodsNo=1818,품종: 카투라,False,False,False,98.2
1198,콜롬비아 EXOTIC 게이샤 사케 - 핀카 엘 파라이소,98000,세웅지씨,콜롬비아,,https://www.sewoonggc.com:443/shop/item.php?it_id=1726809895,,False,False,True,98.0
743,콜롬비아 크라운쥬얼 카보닉 허니 캐스케이드 홉 에드윈 노레냐,97600,로열커피,콜롬비아,허니,https://royalcoffeekorea.co.kr/goods/goods_view.php?goodsNo=1817,품종: 버번,False,False,False,97.6
533,"콜롬비아 로스노갈레스 ""게이샤"" (무산소워시드)",97000,커피루트,콜롬비아,무산소워시드,https://koffeeroute.com/product/Colombia_Losnogales_Geisha,,False,False,True,97.0
1177,라 마카레나 오스카 리아스코스 게이샤 워시드,94000,세웅지씨,콜롬비아,워시드,https://www.sewoonggc.com:443/shop/item.php?it_id=1763103272,,False,False,True,94.0
184,예멘 압둘하킴 자르마 내추럴 나노랏,90500,에이션빈,예멘,내추럴,https://www.asianbean.co.kr/shop/shopdetail.html?branduid=12235765&amp;xcode=008&amp;mcode=001&amp;scode=&amp;type=X&amp;sort=manual&amp;current_category=008&amp;search=&amp;GfDT=amt3Vg%3D%3D,,False,False,False,90.5
132,에티오피아 게샤 빌리지 방기 고리 게샤 내추럴,90000,에이션빈,에티오피아,내추럴,https://www.asianbean.co.kr/shop/shopdetail.html?branduid=12256861&amp;xcode=007&amp;mcode=001&amp;scode=&amp;type=X&amp;sort=manual&amp;current_category=007&amp;search=&amp;GfDT=bGl3UF0%3D,,False,False,True,90.0
141,에티오피아 게샤 빌리지 셰와 지바부 고리 게샤 내추럴,90000,에이션빈,에티오피아,내추럴,https://www.asianbean.co.kr/shop/shopdetail.html?branduid=12256862&amp;xcode=007&amp;mcode=001&amp;scode=&amp;type=X&amp;sort=manual&amp;current_category=007&amp;search=&amp;GfDT=Z213WQ%3D%3D,,False,False,True,90.0
561,페루 라 리마 게이샤 워시드,90000,엠아이커피,페루,Fully Washed,https://www.micoffee.co.kr/goods/goods_view.php?goodsNo=1000007365,품종: Geisha,False,False,True,90.0
151,예멘 갈리브 알함마시 아나에어로빅 내추럴 176HR 나노랏,89500,에이션빈,예멘,무산소 내추럴,https://www.asianbean.co.kr/shop/shopdetail.html?branduid=12255343&amp;xcode=008&amp;mcode=001&amp;scode=&amp;type=X&amp;sort=manual&amp;current_category=008&amp;search=&amp;GfDT=aWh3VA%3D%3D,,False,False,False,89.5
657,PLA-1680,89200,카페노갈레스,콜롬비아,White Honey CM,https://www.cafenogales.co.kr/product/PLA1680-WH,품종: Geisha,False,False,False,89.2
1310,띠에라 블랑카 카이산 게이샤 워시드,89000,세웅지씨,파나마,워시드,https://www.sewoonggc.com:443/shop/item.php?it_id=1732000569,,False,False,True,89.0
1382,어메드 압도,89000,세웅지씨,예멘,,https://www.sewoonggc.com:443/shop/item.php?it_id=1770980595,,False,False,False,89.0
1339,파나마 핀카 레리다 게이샤 내추럴 1500,89000,세웅지씨,파나마,내추럴,https://www.sewoonggc.com:443/shop/item.php?it_id=1700644306,,False,False,True,89.0
215,과테말라 엘 모리또 게이샤 워시드,88000,에이션빈,과테말라,워시드,https://www.asianbean.co.kr/shop/shopdetail.html?branduid=12258259&amp;xcode=010&amp;mcode=001&amp;scode=&amp;type=X&amp;sort=manual&amp;current_category=010&amp;search=&amp;GfDT=amV4,,False,False,True,88.0
560,페루 엘 세드로 게이샤 워시드,88000,엠아이커피,페루,Fully Washed,https://www.micoffee.co.kr/goods/goods_view.php?goodsNo=1000007366,품종: Geisha,False,False,True,88.0
278,26 페루 산타 테레사 게이샤 애너러빅 내추럴,87000,코빈즈커피,페루,애너러빅,https://www.cobeans.com/shop/detail.php?pno=758A06618C69880A6CEE5314EE42D52F,품종: Geisha,False,False,True,87.0
523,볼리비아 아이마리타 게이샤 (워시드),87000,커피루트,볼리비아,워시드,https://koffeeroute.com/product/BO-Aymarita-Geisha-W,,False,False,True,87.0
1383,갈리브,86000,세웅지씨,예멘,,https://www.sewoonggc.com:443/shop/item.php?it_id=1770974350,,False,False,False,86.0
1397,예멘 나노랏 자르마 갈랄,86000,세웅지씨,예멘,,https://www.sewoonggc.com:443/shop/item.php?it_id=1701087067,,False,False,False,86.0
528,"콜롬비아 몬트리얼 ""게이샤"" (워시드)",85300,커피루트,콜롬비아,워시드,https://koffeeroute.com/product/Colombia_Montreal,,False,False,True,85.3
532,"콜롬비아 엘 디비소 ""옐로파파요"" (내추럴)",84000,커피루트,콜롬비아,내추럴,https://koffeeroute.com/product/Colombia_Eldiviso_Yellowppy,,False,False,False,84.0
1049,히든셀렉션 콜롬비아 엘 디비소 게이샤 워시드,83500,더블유빈,콜롬비아,Washed,https://www.wbeans.com/goods/goods_view.php?goodsNo=1000010097,품종: Geisha,False,False,True,83.5
1398,예멘 나노랏 와디세일 아나에어로빅 내추럴 갈리브,82000,세웅지씨,예멘,무산소 내추럴,https://www.sewoonggc.com:443/shop/item.php?it_id=1701086787,,False,False,False,82.0
1014,코스타리카 그라니토스 데 알투라 오르티스 1900 게이샤 레드 허니 2026,82000,커피리브레,코스타리카,레드 허니 Red Honey,https://coffeelibre.kr/product/detail.html?product_no=7866&amp;cate_no=56&amp;display_group=1,품종: 게이샤 Geisha,False,False,True,82.0
526,페루 미 리퀘르도 게이샤 (워시드),82000,커피루트,페루,워시드,https://koffeeroute.com/product/PERU-Recuerdo_W,,False,False,True,82.0
1038,IFF-2623,81800,카페노갈레스,콜롬비아,Washed,https://www.cafenogales.co.kr/product/IFF2623-washed,품종: Geisha,False,False,False,81.8
673,IFF-2423,81600,카페노갈레스,콜롬비아,Natural,https://www.cafenogales.co.kr/product/IFF2423-geisha,품종: Geisha,False,False,False,81.6
1406,EL VERGEL 엘 베르헬 티피카 워시드 디카페인 트로피컬 트와일라잇 디카프 14749,81000,세웅지씨,콜롬비아,워시드,https://www.sewoonggc.com:443/shop/item.php?it_id=1718350254,,False,True,False,81.0
898,콜롬비아 페를라 델 오턴 게이샤 워시드,80000,더블유빈,콜롬비아,Washed,https://www.wbeans.com/goods/goods_view.php?goodsNo=1000009836,품종: Geisha,False,False,True,80.0
1275,산타펠리사 드워프 게이샤 내추럴 1500,79000,세웅지씨,과테말라,내추럴,https://www.sewoonggc.com:443/shop/item.php?it_id=1762861045,,False,False,True,79.0
487,에티오피아 Alo 타미루 컬렉션 G1 시다모 델라 내추럴,79000,GSC,에티오피아,Natural,https://www.gsc.coffee/goods/goods_view.php?goodsNo=1000001286,,False,False,False,79.0
428,콜롬비아 라스 플로레스 게이샤 워시드,79000,GSC,콜롬비아,Washed,https://www.gsc.coffee/goods/goods_view.php?goodsNo=1000001349,,False,False,True,79.0
1048,히든셀렉션 콜롬비아 엘 엔칸토 SL28 워시드,76500,더블유빈,콜롬비아,Washed,https://www.wbeans.com/goods/goods_view.php?goodsNo=1000010100,품종: SL-28,False,False,False,76.5
1261,게샤 아폰테,76000,세웅지씨,콜롬비아,,https://www.sewoonggc.com:443/shop/item.php?it_id=1771587681,,False,False,True,76.0
1409,산타펠리사 게이샤 2722 와일드 이스트 내추럴 엘릭서,76000,세웅지씨,과테말라,내추럴,https://www.sewoonggc.com:443/shop/item.php?it_id=1762861471,,False,False,True,76.0
1438,콜롬비아 라 에스페란자 게이샤 내추럴,76000,엠아이커피,콜롬비아,Natural,https://www.micoffee.co.kr/goods/goods_view.php?goodsNo=1000006887,품종: Geisha,False,False,True,76.0
1067,Colombia GeishaFinca EL Paraiso washed 콜롬비아 핀카 엘파라이소 게이샤 워시드,74000,레헴코리아,콜롬비아,워시드,https://rnccoffee.kr/product/detail.html?product_no=5087,품종: Geisha,False,False,True,74.0
1141,게이샤 모히토 브리즈,74000,세웅지씨,콜롬비아,,https://www.sewoonggc.com:443/shop/item.php?it_id=1782274890,,False,False,True,74.0
502,에티오피아 Bursa G1 문타사 아르베고나 피베리 내추럴,74000,GSC,에티오피아,Natural,https://www.gsc.coffee/goods/goods_view.php?goodsNo=1000001359,,False,False,False,74.0
1047,히든셀렉션 콜롬비아 라스 플로레스 카투라 치로소 워시드,73500,더블유빈,콜롬비아,Washed,https://www.wbeans.com/goods/goods_view.php?goodsNo=1000010093,품종: Caturra Chiroso,False,False,False,73.5
1335,돈 엘리 게이샤 내추럴,73000,세웅지씨,코스타리카,내추럴,https://www.sewoonggc.com:443/shop/item.php?it_id=1704359399,,False,False,True,73.0
1396,모카타 캐슬 알 카프르 우다이니 무산소 내추럴,73000,세웅지씨,예멘,무산소 내추럴,https://www.sewoonggc.com:443/shop/item.php?it_id=1704704851,,False,False,False,73.0
407,브라질 파젠다 엄 알레크림 다크룸 · 아울렛,73000,GSC,브라질,Dark Room,https://www.gsc.coffee/goods/goods_view.php?goodsNo=1000001215,,False,False,False,73.0
462,파나마 새비지 엘릭서 카보닉 메서레이션 내추럴 · 아울렛,73000,GSC,파나마,Carbonic Maceration Natural,https://www.gsc.coffee/goods/goods_view.php?goodsNo=1000001160,,False,False,False,73.0
327,페루 라스 에티오페스 게이샤,73000,커피리브레,페루,워시드 Washed,https://coffeelibre.kr/product/detail.html?product_no=7450&amp;cate_no=56&amp;display_group=1,품종: 게이샤 Geisha,False,False,True,73.0
672,IFF-2622,72800,카페노갈레스,콜롬비아,Washed,https://www.cafenogales.co.kr/product/IFF2622-papayo2026-741,품종: Papayo,False,False,False,72.8
1437,콜롬비아 라 에스페란자 부에노스 아이레스 게이샤 워시드,70000,엠아이커피,콜롬비아,Fully Washed,https://www.micoffee.co.kr/goods/goods_view.php?goodsNo=1000007567,품종: Geisha,False,False,True,70.0
1461,신규입고 콜롬비아 엘 보스케 프리지아 게이샤 워시드,69900,알마씨엘로,콜롬비아,워시드,https://www.almacielo.com/shop/detail.php?pno=F50A6C02A3FC5A3A5D4D9391F05F3EFC&amp;rURL=https%3A%2F%2Fwww.almacielo.com%2Fcontent%2Fcontent.php%3Fcont%3Dsimpleorder&amp;ctype=1&amp;cno1=,품종: PINK BOURBON,False,False,True,69.9
1317,2024 COE #13 엘 치조 산 로케 세미워시드,69500,세웅지씨,코스타리카,세미워시드,https://www.sewoonggc.com:443/shop/item.php?it_id=1731633803,,False,False,False,69.5
1180,산타펠리사 게이샤 2722 내추럴 1600,69500,세웅지씨,과테말라,내추럴,https://www.sewoonggc.com:443/shop/item.php?it_id=1762860917,,False,False,True,69.5
332,과테말라 아구아 티비아 게이샤,69000,커피리브레,과테말라,워시드 Washed,https://coffeelibre.kr/product/detail.html?product_no=6624&amp;cate_no=56&amp;display_group=1,품종: 게이샤 Geisha,False,False,True,69.0
406,브라질 파젠다 엄 핑크 버번 다크룸 · 아울렛,69000,GSC,브라질,Dark Room,https://www.gsc.coffee/goods/goods_view.php?goodsNo=1000001112,,False,False,False,69.0
1250,코토와 던칸 마라고지페 내추럴 #859,69000,세웅지씨,파나마,내추럴,https://www.sewoonggc.com:443/shop/item.php?it_id=1779456438,,False,False,False,69.0
1249,코토와 리오 크리스탈 파카마라 워시드 #183,69000,세웅지씨,파나마,워시드,https://www.sewoonggc.com:443/shop/item.php?it_id=1779457050,,False,False,False,69.0
1436,콜롬비아 라 에스페란자 자바 내추럴,69000,엠아이커피,콜롬비아,Natural,https://www.micoffee.co.kr/goods/goods_view.php?goodsNo=1000006879,품종: Java,False,False,False,69.0
427,콜롬비아 엘 디비소 티피카 메호라도 워시드,69000,GSC,콜롬비아,Washed,https://www.gsc.coffee/goods/goods_view.php?goodsNo=1000001346,,False,False,False,69.0
1259,엘 디비소 게이샤 내추럴,68000,세웅지씨,콜롬비아,내추럴,https://www.sewoonggc.com:443/shop/item.php?it_id=1773393158,,False,False,True,68.0
322,페루 라 루쿠마 게이샤,68000,커피리브레,페루,워시드 Washed,https://coffeelibre.kr/product/detail.html?product_no=7446&amp;cate_no=56&amp;display_group=1,품종: 게이샤 Geisha,False,False,True,68.0
501,에티오피아 Bursa G1 문타사 아르베고나 레드 허니,67000,GSC,에티오피아,Red Honey,https://www.gsc.coffee/goods/goods_view.php?goodsNo=1000001358,,False,False,False,67.0
576,파나마 가리도 하이랜드 파넬라 둘세 게이샤 내추럴,67000,엠아이커피,파나마,Natural,https://www.micoffee.co.kr/goods/goods_view.php?goodsNo=1000007102,품종: Geisha,False,False,True,67.0
1191,EL VERGEL 엘 베르헬 게샤 스피릿츠 167,66000,세웅지씨,콜롬비아,,https://www.sewoonggc.com:443/shop/item.php?it_id=1736753440,,False,False,True,66.0
1075,"Guatemala Micro-lot ""La Hermosa Gesha natural"" 과테말라 Micro-lot ""라 에르모사 게이샤 내추럴""",66000,레헴코리아,과테말라,내추럴,https://rnccoffee.kr/product/detail.html?product_no=2232,품종: Gesha,False,False,True,66.0
742,콜롬비아 핑크버번 블랙허니 2중 무산소,66000,로열커피,콜롬비아,기타가공,https://royalcoffeekorea.co.kr/goods/goods_view.php?goodsNo=1107,품종: 버번,False,False,False,66.0
181,인도네시아 COE2023 19위 SHILLUK COFFEE 마르잔 길링바사,65000,에이션빈,인도네시아,길링바사,https://www.asianbean.co.kr/shop/shopdetail.html?branduid=12258209&amp;xcode=008&amp;mcode=012&amp;scode=&amp;type=X&amp;sort=manual&amp;current_category=008&amp;search=&amp;GfDT=bmp4W1g%3D,,False,False,False,65.0
1340,파나마 핀카 레리다 카투아이 내추럴 BOP Lot,65000,세웅지씨,파나마,내추럴,https://www.sewoonggc.com:443/shop/item.php?it_id=1699952702,,False,False,False,65.0
426,콜롬비아 엘 디비소 버번 시드라 워시드,64000,GSC,콜롬비아,Washed,https://www.gsc.coffee/goods/goods_view.php?goodsNo=1000001345,,False,False,False,64.0
1108,콰미 구지 우라가 G1 워시드 (2026 TOH 1위),64000,세웅지씨,에티오피아,워시드,https://www.sewoonggc.com:443/shop/item.php?it_id=1781174913,,False,False,False,64.0
1345,테라노바 게이샤 내추럴,64000,세웅지씨,코스타리카,내추럴,https://www.sewoonggc.com:443/shop/item.php?it_id=1674203150,,False,False,True,64.0
575,파나마 가리도 하이랜드 파넬라 둘세 게이샤 워시드,64000,엠아이커피,파나마,Fully Washed,https://www.micoffee.co.kr/goods/goods_view.php?goodsNo=1000007101,품종: Geisha,False,False,True,64.0
282,21 예멘 야히야 내추럴,63300,코빈즈커피,예멘,내추럴,https://www.cobeans.com/shop/detail.php?pno=995665640DC319973D3173A74A03860C,품종: Jaadi-Shibriqi,False,False,False,63.3
741,콜롬비아 게이샤 블랙라임,63300,로열커피,콜롬비아,기타가공,https://royalcoffeekorea.co.kr/goods/goods_view.php?goodsNo=1196,품종: 게이샤,False,False,True,63.3
1387,마집 아크람 압둘라 우다이니 무산소 내추럴,63000,세웅지씨,예멘,무산소 내추럴,https://www.sewoonggc.com:443/shop/item.php?it_id=1731981821,,False,False,False,63.0
833,콜롬비아 후일라 세투스 시드라 EF2 내츄럴,63000,소펙스코리아,콜롬비아,EF2 Natural,https://sopexkorea.com/product/detail.html?product_no=1262,품종: Sidra,False,False,False,63.0
330,페루 엘 미라도르 데 산타 로사 게이샤 무산소 워시드,63000,커피리브레,페루,무산소 워시드 Anaerobic Washed,https://coffeelibre.kr/product/detail.html?product_no=7447&amp;cate_no=56&amp;display_group=1,품종: 게이샤 Geisha,False,False,True,63.0
740,콜롬비아 시드라버번 2중탄소,62800,로열커피,콜롬비아,기타가공,https://royalcoffeekorea.co.kr/goods/goods_view.php?goodsNo=1083,품종: 버번,False,False,False,62.8
1039,IFF-2624,62400,카페노갈레스,콜롬비아,Washed,https://www.cafenogales.co.kr/product/IFF2624-washed,품종: Pink Bourbon,False,False,False,62.4
350,온두라스 디아만테 게이샤,62100,커피리브레,온두라스,워시드 Washed,https://coffeelibre.kr/product/detail.html?product_no=7037&amp;cate_no=56&amp;display_group=1,품종: 게이샤 Geisha,False,False,True,62.1
351,온두라스 라 라데라 게이샤,62100,커피리브레,온두라스,워시드 Washed,https://coffeelibre.kr/product/detail.html?product_no=7052&amp;cate_no=56&amp;display_group=1,품종: 게이샤 Geisha,False,False,True,62.1
352,온두라스 라 레이나 게이샤,62100,커피리브레,온두라스,워시드 Washed,https://coffeelibre.kr/product/detail.html?product_no=7053&amp;cate_no=56&amp;display_group=1,품종: 게이샤 Geisha,False,False,True,62.1
357,온두라스 로스 시르게로스 게이샤,62100,커피리브레,온두라스,워시드 Washed,https://coffeelibre.kr/product/detail.html?product_no=7054&amp;cate_no=56&amp;display_group=1,품종: 게이샤 Geisha,False,False,True,62.1
358,온두라스 리퀴담바 게이샤,62100,커피리브레,온두라스,워시드 Washed,https://coffeelibre.kr/product/detail.html?product_no=7036&amp;cate_no=56&amp;display_group=1,품종: 게이샤 Geisha,False,False,True,62.1
367,온두라스 엘 시프레스 게이샤,62100,커피리브레,온두라스,워시드 Washed,https://coffeelibre.kr/product/detail.html?product_no=7043&amp;cate_no=56&amp;display_group=1,품종: 게이샤 Geisha,False,False,True,62.1
368,온두라스 엘 엔칸토 게이샤,62100,커피리브레,온두라스,워시드 Washed,https://coffeelibre.kr/product/detail.html?product_no=7063&amp;cate_no=56&amp;display_group=1,품종: 게이샤 Geisha,False,False,True,62.1
371,온두라스 오코티요스 게이샤,62100,커피리브레,온두라스,워시드 Washed,https://coffeelibre.kr/product/detail.html?product_no=7038&amp;cate_no=56&amp;display_group=1,품종: 게이샤 Geisha,False,False,True,62.1
500,에티오피아 Bursa G1 문타사 아르베고나 아나에어로빅 내추럴,62000,GSC,에티오피아,Anaerobic Natural,https://www.gsc.coffee/goods/goods_view.php?goodsNo=1000001356,,False,False,False,62.0
832,콜롬비아 퀸디오 라 디비사 게샤 CM 내츄럴,61000,소펙스코리아,콜롬비아,CM Natural,https://sopexkorea.com/product/detail.html?product_no=1194,품종: Gesha,False,False,True,61.0
277,26 페루 핀카 타바코나스 게이샤 애너러빅 워시드,60000,코빈즈커피,페루,애너러빅,https://www.cobeans.com/shop/detail.php?pno=DF1F1D20EE86704251795841E6A9405A,품종: Geisha,False,False,True,60.0
831,콜롬비아 카우카 파티오 보니또 우시우시 무산소 워시드,60000,소펙스코리아,콜롬비아,Anaerobic Washed,https://sopexkorea.com/product/detail.html?product_no=1172,품종: Wush Wush,False,False,False,60.0
531,"콜롬비아 라스브리사스 ""게이샤"" (워시드)",59200,커피루트,콜롬비아,워시드,https://koffeeroute.com/product/Colombia_LasBrisas_Geisha,,False,False,True,59.2
1253,사르사 아히 버번 내추럴 ASD,59000,세웅지씨,콜롬비아,내추럴,https://www.sewoonggc.com:443/shop/item.php?it_id=1773662268,,False,False,False,59.0
564,코스타리카 부르마스 델 수르키 돈 호세 게이샤 허니,59000,엠아이커피,코스타리카,Honey,https://www.micoffee.co.kr/goods/goods_view.php?goodsNo=1000006977,품종: Geisha,False,False,True,59.0
1435,콜롬비아 라스 마가리타스 파카마라 내추럴,59000,엠아이커피,콜롬비아,Natural,https://www.micoffee.co.kr/goods/goods_view.php?goodsNo=1000007568,품종: Pacamara,False,False,False,59.0
324,페루 라 알투라 게이샤 무산소 내추럴,59000,커피리브레,페루,무산소 내추럴 Anaerobic Natural,https://coffeelibre.kr/product/detail.html?product_no=7437&amp;cate_no=56&amp;display_group=1,품종: 게이샤 Geisha,False,False,True,59.0
346,니카라과 핀카 리브레 게이샤 Lot.1,58500,커피리브레,니카라과,워시드 Washed,https://coffeelibre.kr/product/detail.html?product_no=6871&amp;cate_no=56&amp;display_group=1,품종: 게이샤 Geisha,False,False,True,58.5
272,25 콜롬비아 라스 플로레스 게이샤 애너러빅 워시드,58300,코빈즈커피,콜롬비아,애너러빅,https://www.cobeans.com/shop/detail.php?pno=375C71349B295FBE2DCDCA9206F20A06,품종: Geisha,False,False,True,58.3
674,IFF-2424,58200,카페노갈레스,콜롬비아,Honey,https://www.cafenogales.co.kr/product/IFF2424-Pinkbourbon,품종: Pink Bourbon,False,False,False,58.2
572,과테말라 엘 인헤르또 파카마라 워시드,58000,엠아이커피,과테말라,Fully Washed,https://www.micoffee.co.kr/goods/goods_view.php?goodsNo=1000005934,품종: Pacamara,False,False,False,58.0
1256,라 플란타 옴블리곤 내추럴 ASD,58000,세웅지씨,콜롬비아,내추럴,https://www.sewoonggc.com:443/shop/item.php?it_id=1773661521,,False,False,False,58.0
125,에티오피아 구지 함벨라 아디스네가 아나에어로빅 내추럴 G1,58000,에이션빈,에티오피아,무산소 내추럴,https://www.asianbean.co.kr/shop/shopdetail.html?branduid=12255357&amp;xcode=007&amp;mcode=001&amp;scode=&amp;type=X&amp;sort=manual&amp;current_category=007&amp;search=&amp;GfDT=bmx3VQ%3D%3D,,False,False,False,58.0
1419,파라이소 92 스위트 그라나딜라,58000,세웅지씨,콜롬비아,,https://www.sewoonggc.com:443/shop/item.php?it_id=1677586336,,False,False,False,58.0
1470,신규입고 콜롬비아 티피카 메호라도 멜론 워시드,57900,알마씨엘로,콜롬비아,무산소 워시드(인퓨즈드),https://www.almacielo.com/shop/detail.php?pno=FDDD7938A71DB5F81FCC621673AB67B7&amp;rURL=https%3A%2F%2Fwww.almacielo.com%2Fcontent%2Fcontent.php%3Fcont%3Dsimpleorder&amp;ctype=1&amp;cno1=,품종: PINK BOURBON,False,False,False,57.9
1365,산타펠리사 게샤 2722 내추럴 1600,57000,세웅지씨,과테말라,내추럴,https://www.sewoonggc.com:443/shop/item.php?it_id=1738815912,,False,False,True,57.0
1255,로스 세드로스 게이샤 워시드 ASD,56000,세웅지씨,콜롬비아,워시드,https://www.sewoonggc.com:443/shop/item.php?it_id=1773661844,,False,False,True,56.0
1109,콰미 아르베고나 G1 내추럴(2026 TOH 1위),56000,세웅지씨,에티오피아,내추럴,https://www.sewoonggc.com:443/shop/item.php?it_id=1781165249,,False,False,False,56.0
325,페루 라 우아카 게이샤 무산소 워시드,56000,커피리브레,페루,무산소 워시드 Anaerobic Washed,https://coffeelibre.kr/product/detail.html?product_no=7451&amp;cate_no=56&amp;display_group=1,품종: 게이샤 Geisha,False,False,True,56.0
281,25 예멘 하라즈 내추럴,55800,코빈즈커피,예멘,내추럴,https://www.cobeans.com/shop/detail.php?pno=1113D7A76FFCECA1BB350BFE145467C6,품종: Jaadi,False,False,False,55.8
1192,EL VERGEL 엘 베르헬 트로피컬 스플래쉬 165,55000,세웅지씨,콜롬비아,,https://www.sewoonggc.com:443/shop/item.php?it_id=1736752767,,False,False,False,55.0
1414,EL VERGEL 엘 베르헬 핑크 버본 이스트 세미 워시드 히비스커스 블룸,55000,세웅지씨,콜롬비아,세미워시드,https://www.sewoonggc.com:443/shop/item.php?it_id=1732005550,,False,False,False,55.0
1322,EXOTIC 파라이소 92 넥타,55000,세웅지씨,콜롬비아,,https://www.sewoonggc.com:443/shop/item.php?it_id=1718963209,,False,False,False,55.0
1410,산타펠리사 아프리칸 게이샤 내추럴 1550,55000,세웅지씨,과테말라,내추럴,https://www.sewoonggc.com:443/shop/item.php?it_id=1762861154,,False,False,True,55.0
1022,코스타리카 산타 테레사 2000 티피카 메호라도 레드 허니 2026,55000,커피리브레,코스타리카,레드 허니 Red Honey,https://coffeelibre.kr/product/detail.html?product_no=7869&amp;cate_no=56&amp;display_group=1,품종: 티피카 메호라도 Typica Mejorado,False,False,False,55.0
522,콜롬비아 라 플란타 핑크 버번 워시드 디카페인,55000,GSC,콜롬비아,Washed + Sugar Cane,https://www.gsc.coffee/goods/goods_view.php?goodsNo=1000001352,,False,True,False,55.0
188,콜롬비아 라스 플로레스 타비 아나에어로빅 워시드 *한정수량,55000,에이션빈,콜롬비아,무산소 워시드,https://www.asianbean.co.kr/shop/shopdetail.html?branduid=12257448&amp;xcode=009&amp;mcode=002&amp;scode=&amp;type=X&amp;sort=manual&amp;current_category=009&amp;search=&amp;GfDT=bm59W14%3D,,False,False,False,55.0
525,페루 디아만테 게이샤 (워시드),55000,커피루트,페루,워시드,https://koffeeroute.com/product/PERU-Diamante-Geisha-W,,False,False,True,55.0
1347,헬사 게이샤 내추럴 ASD,55000,세웅지씨,코스타리카,내추럴,https://www.sewoonggc.com:443/shop/item.php?it_id=1649069400,,False,False,True,55.0
1469,신규입고 콜롬비아 버번 블루베리 워시드,54900,알마씨엘로,콜롬비아,무산소 워시드(인퓨즈드),https://www.almacielo.com/shop/detail.php?pno=1EF91C212E30E14BF125E9374262401F&amp;rURL=https%3A%2F%2Fwww.almacielo.com%2Fcontent%2Fcontent.php%3Fcont%3Dsimpleorder&amp;ctype=1&amp;cno1=,품종: PINK BOURBON,False,False,False,54.9
1309,엘 로블레 도밍고 게이샤 워시드 11674,54000,세웅지씨,콜롬비아,워시드,https://www.sewoonggc.com:443/shop/item.php?it_id=1732071583,,False,False,True,54.0
1320,엘 포스테 카투아이 워시드 CoE #15,54000,세웅지씨,니카라과,워시드,https://www.sewoonggc.com:443/shop/item.php?it_id=1724304526,,False,False,False,54.0
1326,카페 코토와 던칸 블랙 커런트 꼬냑,54000,세웅지씨,파나마,,https://www.sewoonggc.com:443/shop/item.php?it_id=1718092233,,False,False,False,54.0
1202,콜롬비아 EL VERGEL 엘 베르헬 옐로우 게이샤 이스트 세미 워시드 레몬 스파이크 매직,54000,세웅지씨,콜롬비아,세미워시드,https://www.sewoonggc.com:443/shop/item.php?it_id=1718349730,,False,False,True,54.0
424,콜롬비아 로스 나랑호스 카투라 치로소 워시드 EF,54000,GSC,콜롬비아,Traditional Washing,https://www.gsc.coffee/goods/goods_view.php?goodsNo=1000001343,,False,False,False,54.0
499,에티오피아 Basha bekele G1 시다모 벤사 무라고 내추럴,53000,GSC,에티오피아,Natural,https://www.gsc.coffee/goods/goods_view.php?goodsNo=1000001365,,False,False,False,53.0
1407,콜롬비아 EL VERGEL 엘 베르헬 버본 시드라 무산소 내추럴 스트로베리 센세이션 169,53000,세웅지씨,콜롬비아,무산소 내추럴,https://www.sewoonggc.com:443/shop/item.php?it_id=1718350172,,False,False,False,53.0
538,"콜롬비아 라스브리사스 ""파파요"" (내추럴)",53000,커피루트,콜롬비아,내추럴,https://koffeeroute.com/product/Colombia_LasBrisas_Papayo,,False,False,False,53.0
557,콜롬비아 포토시 핑크 버번 워시드,53000,엠아이커피,콜롬비아,Fully Washed,https://www.micoffee.co.kr/goods/goods_view.php?goodsNo=1000006890,품종: Pink Bourbon,False,False,False,53.0
1195,핀카 레리다 파카마라 아멜리아 내추럴 ASD,53000,세웅지씨,파나마,내추럴,https://www.sewoonggc.com:443/shop/item.php?it_id=1731996414,,False,False,False,53.0
1254,로스 세드로스 시드라 워시드 ASD,52000,세웅지씨,콜롬비아,워시드,https://www.sewoonggc.com:443/shop/item.php?it_id=1773662047,,False,False,False,52.0
1258,엘 디비소 옴블리곤 내추럴 디카프,52000,세웅지씨,콜롬비아,내추럴,https://www.sewoonggc.com:443/shop/item.php?it_id=1773660199,,False,True,False,52.0
658,AN-2633,51800,카페노갈레스,콜롬비아,Anae-Natural,https://www.cafenogales.co.kr/product/AN2633-743,품종: Java,False,False,False,51.8
1364,럼 에이지드 내추럴 (카투라),51000,세웅지씨,콜롬비아,내추럴,https://www.sewoonggc.com:443/shop/item.php?it_id=1742522481,,False,False,False,51.0
1323,베리피치 세레나데,51000,세웅지씨,콜롬비아,,https://www.sewoonggc.com:443/shop/item.php?it_id=1718350814,,False,False,False,51.0
1298,워터멜론 캔디 블라스트,51000,세웅지씨,콜롬비아,,https://www.sewoonggc.com:443/shop/item.php?it_id=1752581840,,False,False,False,51.0
1142,체리 앤 베리 심포니,51000,세웅지씨,콜롬비아,,https://www.sewoonggc.com:443/shop/item.php?it_id=1782273943,,False,False,False,51.0
1324,코코넛 아일랜드,51000,세웅지씨,콜롬비아,,https://www.sewoonggc.com:443/shop/item.php?it_id=1718350633,,False,False,False,51.0
1143,피나 콜라다 리저브,51000,세웅지씨,콜롬비아,,https://www.sewoonggc.com:443/shop/item.php?it_id=1782268107,,False,False,False,51.0
1163,허니 쥬시 스트로베리,51000,세웅지씨,콜롬비아,허니,https://www.sewoonggc.com:443/shop/item.php?it_id=1771585650,,False,False,False,51.0
274,23 코스타리카 돈 마요 로스 투카네스 게이샤 레드허니,50000,코빈즈커피,코스타리카,허니,https://www.cobeans.com/shop/detail.php?pno=7940AB47468396569A906F75FF3F20EF,품종: Geisha,False,False,True,50.0
423,콜롬비아 라 리제르바 카투라 아나에어로빅 허니 (리치),50000,GSC,콜롬비아,Anaerobic Honey,https://www.gsc.coffee/goods/goods_view.php?goodsNo=1000001334,,False,False,False,50.0
739,콜롬비아 핑크버번 레드허니,50000,로열커피,콜롬비아,기타가공,https://royalcoffeekorea.co.kr/goods/goods_view.php?goodsNo=1190,품종: 게이샤,False,False,False,50.0
52,콜롬비아 패션후르츠 핑크버번 내추럴,49900,알마씨엘로,콜롬비아,내추럴 퍼멘티드,https://www.almacielo.com/shop/detail.php?pno=973A5F0CCBC4EE3524CCF035D35B284B&amp;rURL=https%3A%2F%2Fwww.almacielo.com%2Fcontent%2Fcontent.php%3Fcont%3Dsimpleorder&amp;ctype=1&amp;cno1=,품종: PINK BOURBON,False,False,False,49.9
1341,콜롬비아 EXOTIC 샤인머스캣,49800,세웅지씨,콜롬비아,,https://www.sewoonggc.com:443/shop/item.php?it_id=1697793810,,False,False,False,49.8
542,"콜롬비아 엘 디비소 ""핑크버본"" (무산소워시드+모스토)",49800,커피루트,콜롬비아,무산소워시드+모스토,https://koffeeroute.com/product/Colombia_Eldiviso_AWM,,False,False,False,49.8
1232,엘 파라이소 리치피치 디카페인,49500,세웅지씨,콜롬비아,디카페인,https://www.sewoonggc.com:443/shop/item.php?it_id=1732683932,,False,True,False,49.5
563,코스타리카 부르마스 델 수르키 엘 센트로 티피카 내추럴,49500,엠아이커피,코스타리카,Natural,https://www.micoffee.co.kr/goods/goods_view.php?goodsNo=1000006978,품종: Typica,False,False,False,49.5
1373,EXOTIC 로즈 티 - 핀카 엘 파라이소,49000,세웅지씨,콜롬비아,,https://www.sewoonggc.com:443/shop/item.php?it_id=1726809859,,False,False,False,49.0
1266,EXOTIC 코피넷 그린 애플 허니,49000,세웅지씨,콜롬비아,허니,https://www.sewoonggc.com:443/shop/item.php?it_id=1768552703,,False,False,False,49.0
1173,EXOTIC 코피넷 레드 프루츠 허니,49000,세웅지씨,콜롬비아,허니,https://www.sewoonggc.com:443/shop/item.php?it_id=1768552693,,False,False,False,49.0
1267,EXOTIC 코피넷 피치 허니,49000,세웅지씨,콜롬비아,허니,https://www.sewoonggc.com:443/shop/item.php?it_id=1768552378,,False,False,False,49.0
1225,레드 프룻 허니 (오렌지 버본),49000,세웅지씨,콜롬비아,허니,https://www.sewoonggc.com:443/shop/item.php?it_id=1742521456,,False,False,False,49.0
404,브라질 파젠다 엄 레드 카투카이 L-S2 펄프드 내추럴,49000,GSC,브라질,Pulped Natural,https://www.gsc.coffee/goods/goods_view.php?goodsNo=1000001316,,False,False,False,49.0
1274,산타펠리사 게이샤 2722 오렌지 허니 1800,49000,세웅지씨,과테말라,허니,https://www.sewoonggc.com:443/shop/item.php?it_id=1762861359,,False,False,True,49.0
1299,시나몬,49000,세웅지씨,콜롬비아,,https://www.sewoonggc.com:443/shop/item.php?it_id=1752581592,,False,False,False,49.0
1162,시나몬 주스,49000,세웅지씨,콜롬비아,,https://www.sewoonggc.com:443/shop/item.php?it_id=1771586558,,False,False,False,49.0
1260,엘 디비소 카투라 치로소 워시드,49000,세웅지씨,콜롬비아,워시드,https://www.sewoonggc.com:443/shop/item.php?it_id=1773390108,,False,False,False,49.0
1161,쥬시 패션프룻,49000,세웅지씨,콜롬비아,,https://www.sewoonggc.com:443/shop/item.php?it_id=1771587118,,False,False,False,49.0
738,콜롬비아 옐로우버번 레드허니,48900,로열커피,콜롬비아,기타가공,https://royalcoffeekorea.co.kr/goods/goods_view.php?goodsNo=1170,품종: 버번,False,False,False,48.9
934,-26CROP- 에티오피아 예가체프 게뎁 랄레사 무산소발효 - 슬로우드라이 내추럴 Ethiopia,48000,블레스빈,에티오피아,무산소발효 Anaerobic,https://blessbean.co.kr/shop/item.php?it_id=ET-YG1N021,품종: 에어룸 Heirloom,False,False,False,48.0
1230,EXOTIC 파라이소 92 망고젤리,48000,세웅지씨,콜롬비아,,https://www.sewoonggc.com:443/shop/item.php?it_id=1737708012,,False,False,False,48.0
1166,리치피치 디카페인 - 핀카 엘 파라이소,48000,세웅지씨,콜롬비아,디카페인,https://www.sewoonggc.com:443/shop/item.php?it_id=1769801392,,False,True,False,48.0
403,브라질 파젠다 엄 아기아 발랑카 바나나 펄프드 내추럴 · 7월세일,48000,GSC,브라질,Pulped Natural,https://www.gsc.coffee/goods/goods_view.php?goodsNo=1000001355,,False,False,False,48.0
1174,카페 코토와 던칸 에티오피아 내추럴,48000,세웅지씨,파나마,내추럴,https://www.sewoonggc.com:443/shop/item.php?it_id=1763559930,,False,False,False,48.0
721,코스타리카 디아만테 카를로스 무산소,48000,로열커피,코스타리카,워시드,https://royalcoffeekorea.co.kr/goods/goods_view.php?goodsNo=891,품종: 카투라,False,False,False,48.0
1416,콜롬비아 EL VERGEL 엘 베르헬 카투라 포도첨가 발효 그레이프 스파이스,48000,세웅지씨,콜롬비아,,https://www.sewoonggc.com:443/shop/item.php?it_id=1718345156,,False,False,False,48.0
1028,콜롬비아 퀸디오 라 글로리에타 카스틸로 패션후르츠 허니 프로세스,48000,소펙스코리아,콜롬비아,Passion Fruit Honey Process,https://sopexkorea.com/product/detail.html?product_no=1513,품종: Castillo,False,False,False,48.0
840,콜롬비아 퀸디오 파라이소 카스틸로 럼에이즈드 내츄럴,48000,소펙스코리아,콜롬비아,Rum Aged Natural,https://sopexkorea.com/product/detail.html?product_no=1198,품종: Castillo,False,False,False,48.0
1342,콜롬비아 EXOTIC 파인애플 크러시,47800,세웅지씨,콜롬비아,,https://www.sewoonggc.com:443/shop/item.php?it_id=1697793596,,False,False,False,47.8
712,에티오피아 봄베 내추럴 무산소 G1,47700,로열커피,에티오피아,"내추럴,무산소",https://royalcoffeekorea.co.kr/goods/goods_view.php?goodsNo=853,품종: 기타품종,False,False,False,47.7
271,26 콜롬비아 라 파라다 파카마라 애너러빅 내추럴,47300,코빈즈커피,콜롬비아,애너러빅,https://www.cobeans.com/shop/detail.php?pno=BA3E9B6A519CFDDC560B5D53210DF1BD,품종: Pacamara,False,False,False,47.3
1066,Finca El ParaisoCastillo Wasehd Lychee Peach콜롬비아 핀카 엘파라이소 카스티요 워시드 리치피치,47000,레헴코리아,콜롬비아,무산소 워시드,https://rnccoffee.kr/product/detail.html?product_no=8004,품종: Castillo,False,False,False,47.0
401,브라질 파젠다 엄 레드 카투아이 81 펄프드 내추럴,47000,GSC,브라질,Pulped Natural,https://www.gsc.coffee/goods/goods_view.php?goodsNo=1000001354,,False,False,False,47.0
402,브라질 파젠다 엄 레드 카투카이 솔리 내추럴,47000,GSC,브라질,Natural,https://www.gsc.coffee/goods/goods_view.php?goodsNo=1000001318,,False,False,False,47.0
498,에티오피아 Basha bekele G1 시다모 벤사 봄베 내추럴,47000,GSC,에티오피아,Natural,https://www.gsc.coffee/goods/goods_view.php?goodsNo=1000001366,,False,False,False,47.0
190,콜롬비아 퀸디오 오렌지 인퓨전허니,47000,에이션빈,콜롬비아,허니,https://www.asianbean.co.kr/shop/shopdetail.html?branduid=12249237&amp;xcode=009&amp;mcode=002&amp;scode=&amp;type=X&amp;sort=manual&amp;current_category=009&amp;search=&amp;GfDT=bGZ3VQ%3D%3D,,False,False,False,47.0
677,품절_8월예정 [에티오피아] 게이샤 G1 무산소_벤치마지_딸기와인 캔디,47000,오로미아,에티오피아,무산소,https://www.oromia.kr/shop/item.php?it_id=01-AG,,False,False,True,47.0
1196,핀카 레리다 파카마라 아멜리아 내추럴,47000,세웅지씨,파나마,내추럴,https://www.sewoonggc.com:443/shop/item.php?it_id=1731996232,,False,False,False,47.0
1002,26 에티오피아 시다마 벤사 하마쇼 G1 애너러빅 내추럴,46800,코빈즈커피,에티오피아,애너러빅,https://www.cobeans.com/shop/detail.php?pno=FC03D48253286A798F5116EC00E99B2B,품종: 74158,False,False,False,46.8
347,니카라과 핀카 리브레 게이샤 Lot.2,46800,커피리브레,니카라과,워시드 Washed,https://coffeelibre.kr/product/detail.html?product_no=6870&amp;cate_no=56&amp;display_group=1,품종: 게이샤 Geisha,False,False,True,46.8
1265,EXOTIC 코피넷 망고 워시드,46000,세웅지씨,콜롬비아,워시드,https://www.sewoonggc.com:443/shop/item.php?it_id=1768552846,,False,False,False,46.0
1264,EXOTIC 코피넷 패션 프루트 워시드,46000,세웅지씨,콜롬비아,워시드,https://www.sewoonggc.com:443/shop/item.php?it_id=1768552964,,False,False,False,46.0
1404,쥬시 스트로베리 168,46000,세웅지씨,콜롬비아,,https://www.sewoonggc.com:443/shop/item.php?it_id=1736753543,,False,False,False,46.0
1175,카페 코토와 던칸 카시오페아 내추럴,46000,세웅지씨,파나마,내추럴,https://www.sewoonggc.com:443/shop/item.php?it_id=1763559703,,False,False,False,46.0
1408,콜롬비아 EL VERGEL 엘 베르헬 버본 시드라 이스트 세미워시드 시드라 돌체 비타,46000,세웅지씨,콜롬비아,세미워시드,https://www.sewoonggc.com:443/shop/item.php?it_id=1718349610,,False,False,False,46.0
830,콜롬비아 카우카 파티오 보니또 티피카 워시드,46000,소펙스코리아,콜롬비아,Washed,https://sopexkorea.com/product/detail.html?product_no=1261,품종: Typica,False,False,False,46.0
737,콜롬비아 카투라 블랙허니 2중탄소,45500,로열커피,콜롬비아,기타가공,https://royalcoffeekorea.co.kr/goods/goods_view.php?goodsNo=1226,품종: 카투라,False,False,False,45.5
535,"인도네시아 쁘가싱 아바타라 ""티피카""",45300,커피루트,인도네시아,,https://koffeeroute.com/product/Indonesia_Avatara_TYPICA,,False,False,False,45.3
1338,EXOTIC 리치 - 핀카 엘 파라이소,45000,세웅지씨,콜롬비아,,https://www.sewoonggc.com:443/shop/item.php?it_id=1701438861,,False,False,False,45.0
1199,EXOTIC 리치피치 - 핀카 엘 파라이소,45000,세웅지씨,콜롬비아,,https://www.sewoonggc.com:443/shop/item.php?it_id=1726809884,,False,False,False,45.0
571,과테말라 엘 소코로 자바 워시드,45000,엠아이커피,과테말라,Fully Washed,https://www.micoffee.co.kr/goods/goods_view.php?goodsNo=1000000759,품종: Java,False,False,False,45.0
1395,내추럴 COE #22위 낙찰 생두,45000,세웅지씨,인도네시아,내추럴,https://www.sewoonggc.com:443/shop/item.php?it_id=1718244465,,False,False,False,45.0
303,에티오피아 시다모 벤사 보데 바샤 베켈레 내추럴 2026,45000,커피리브레,에티오피아,내추럴 Natural,https://coffeelibre.kr/product/detail.html?product_no=7828&amp;cate_no=56&amp;display_group=1,"품종: 74158, 74112, 74110",False,False,False,45.0
1015,코스타리카 돈 호엘 SL28 2026,45000,커피리브레,코스타리카,워시드 Washed,https://coffeelibre.kr/product/detail.html?product_no=7880&amp;cate_no=56&amp;display_group=1,품종: SL28,False,False,False,45.0
1021,코스타리카 산타 테레사 2000 베토 SL28 2026,45000,커피리브레,코스타리카,풀리 워시드 Fully Washed,https://coffeelibre.kr/product/detail.html?product_no=7868&amp;cate_no=56&amp;display_group=1,품종: SL28,False,False,False,45.0
1325,콜롬비아 EL VERGEL 엘 베르헬 레드&옐로우 버본 이스트 세미워시드 골든 시트러스 카니발,45000,세웅지씨,콜롬비아,세미워시드,https://www.sewoonggc.com:443/shop/item.php?it_id=1718350333,,False,False,False,45.0
1405,콜롬비아 게이샤 워시드 롱/노르테 데 산탄데르 - 브리사스 델 타키라,45000,세웅지씨,콜롬비아,워시드,https://www.sewoonggc.com:443/shop/item.php?it_id=1727248423,,False,False,True,45.0
837,콜롬비아 퀸디오 라 글로리에타 카스틸로 리치 워시드,45000,소펙스코리아,콜롬비아,Lychee Washed,https://sopexkorea.com/product/detail.html?product_no=1204,품종: Castillo,False,False,False,45.0
838,콜롬비아 퀸디오 라 글로리에타 카스틸로 블랙베리 브라이트 워시드,45000,소펙스코리아,콜롬비아,Blackberry Bright Washed,https://sopexkorea.com/product/detail.html?product_no=1207,품종: Castillo,False,False,False,45.0
1027,콜롬비아 퀸디오 라 글로리에타 카스틸로 스트로베리 워시드,45000,소펙스코리아,콜롬비아,Strawberry Washed,https://sopexkorea.com/product/detail.html?product_no=1512,품종: Castillo,False,False,False,45.0
839,콜롬비아 퀸디오 라 글로리에타 카스틸로 피치 워시드,45000,소펙스코리아,콜롬비아,Peach Washed,https://sopexkorea.com/product/detail.html?product_no=1201,품종: Castillo,False,False,False,45.0
1224,트로피컬 코코 워시드 (카스티요),45000,세웅지씨,콜롬비아,워시드,https://www.sewoonggc.com:443/shop/item.php?it_id=1742522477,,False,False,False,45.0
1221,패션 프룻 워시드 (카스티요),45000,세웅지씨,콜롬비아,워시드,https://www.sewoonggc.com:443/shop/item.php?it_id=1742522470,,False,False,False,45.0
1165,플럼 - 핀카 엘 파라이소,45000,세웅지씨,콜롬비아,,https://www.sewoonggc.com:443/shop/item.php?it_id=1769868757,,False,False,False,45.0
1268,로스 카파초스 게이샤 세미 워시드,44000,세웅지씨,콜롬비아,세미워시드,https://www.sewoonggc.com:443/shop/item.php?it_id=1763104027,,False,False,True,44.0
1179,산타펠리사 드워프 게이샤 레드 허니 1500,44000,세웅지씨,과테말라,허니,https://www.sewoonggc.com:443/shop/item.php?it_id=1762861257,,False,False,True,44.0
497,에티오피아 Bursa G1 문타사 아르베고나 내추럴,44000,GSC,에티오피아,Netural,https://www.gsc.coffee/goods/goods_view.php?goodsNo=1000001357,,False,False,False,44.0
1269,엘 센데로 게이샤 워시드,44000,세웅지씨,콜롬비아,워시드,https://www.sewoonggc.com:443/shop/item.php?it_id=1763104024,,False,False,True,44.0
422,콜롬비아 페냐스 블랑카스 카투라 워시드,44000,GSC,콜롬비아,Washed,https://www.gsc.coffee/goods/goods_view.php?goodsNo=1000001344,,False,False,False,44.0
1197,게이샤 워시드 롱/노르테 데 산탄데르 - 브리사스 델 타키라,43000,세웅지씨,콜롬비아,워시드,https://www.sewoonggc.com:443/shop/item.php?it_id=1731907171,,False,False,True,43.0
1229,산타펠리사 레드 시드라 내추럴 1550,43000,세웅지씨,과테말라,내추럴,https://www.sewoonggc.com:443/shop/item.php?it_id=1738810138,,False,False,False,43.0
1302,산타펠리사 선셋 게샤 2722 애너로빅 퍼먼테이션 허니,43000,세웅지씨,과테말라,허니,https://www.sewoonggc.com:443/shop/item.php?it_id=1738816182,,False,False,True,43.0
1201,콜롬비아 EL VERGEL 엘 베르헬 레드&옐로우 버본 이스트 세미 워시드 시트러스 탱고,43000,세웅지씨,콜롬비아,세미워시드,https://www.sewoonggc.com:443/shop/item.php?it_id=1718349880,,False,False,False,43.0
1434,콜롬비아 포토시 베이비 드래곤 콜롬비아 피베리 내추럴,43000,엠아이커피,콜롬비아,Natural,https://www.micoffee.co.kr/goods/goods_view.php?goodsNo=1000007569,품종: Colombia,False,False,False,43.0
1132,콰미 2025 AFCA TOH 리저널 허니 2위,43000,세웅지씨,에티오피아,허니,https://www.sewoonggc.com:443/shop/item.php?it_id=1745572651,,False,False,False,43.0
1464,신규입고 에티오피아 쥬시베리 무산소 내추럴 96H 게샤 G1,42900,알마씨엘로,에티오피아,내추럴,https://www.almacielo.com/shop/detail.php?pno=E6384711491713D29BC63FC5EEB5BA4F&amp;rURL=https%3A%2F%2Fwww.almacielo.com%2Fcontent%2Fcontent.php%3Fcont%3Dsimpleorder&amp;ctype=1&amp;cno1=,,False,False,True,42.9
279,25 예멘 마타리 Lot.1 내추럴,42800,코빈즈커피,예멘,내추럴,https://www.cobeans.com/shop/detail.php?pno=36AC8E558AC7690B6F44E2CB5EF93322,품종: Jaadi & Dawairi,False,False,False,42.8
280,25 예멘 마타리 Lot.2 내추럴,42800,코빈즈커피,예멘,내추럴,https://www.cobeans.com/shop/detail.php?pno=03E7D2EBEC1E820AC34D054DF7E68F48,품종: Dawairi,False,False,False,42.8
1007,26 에티오피아 게뎁 단체 G1 애너러빅 내추럴 코라수마,42800,코빈즈커피,에티오피아,애너러빅,https://www.cobeans.com/shop/detail.php?pno=8E68C3C7BF14AD0BCABA52BABFA470BD,품종: Heirloom,False,False,False,42.8
264,26 콜롬비아 카페 로사리오 리치 코퍼먼티드,42800,코빈즈커피,콜롬비아,기타,https://www.cobeans.com/shop/detail.php?pno=E6C2DC3DEE4A51DCEC3A876AA2339A78,품종: Blend,False,False,False,42.8
268,26 콜롬비아 카페 로사리오 애프리콧 코퍼먼티드,42800,코빈즈커피,콜롬비아,기타,https://www.cobeans.com/shop/detail.php?pno=E58AEA67B01FA747687F038DFDE066F6,품종: Blend,False,False,False,42.8
265,26 콜롬비아 카페 로사리오 워터멜론 코퍼먼티드,42800,코빈즈커피,콜롬비아,기타,https://www.cobeans.com/shop/detail.php?pno=2D2CA7EEDF739EF4C3800713EC482E1A,품종: Blend,False,False,False,42.8
267,◼︎온라인전용◼︎26 콜롬비아 카페 로사리오 블루베리 코퍼먼티드,42800,코빈즈커피,콜롬비아,기타,https://www.cobeans.com/shop/detail.php?pno=6211080FA89981F66B1A0C9D55C61D0F,품종: Blend,False,False,False,42.8
269,◼︎온라인전용◼︎26 콜롬비아 카페 로사리오 사워솝 코퍼먼티드,42800,코빈즈커피,콜롬비아,기타,https://www.cobeans.com/shop/detail.php?pno=F516DFB84B9051ED85B89CDC3A8AB7F5,품종: Blend,False,False,False,42.8
270,◼︎온라인전용◼︎26 콜롬비아 카페 로사리오 아이리쉬 크림 코퍼먼티드,42800,코빈즈커피,콜롬비아,기타,https://www.cobeans.com/shop/detail.php?pno=046DDF96C233A273FD390C3D0B1A9AA4,품종: Blend,False,False,False,42.8
266,◼︎온라인전용◼︎26 콜롬비아 카페 로사리오 코코넛 코퍼먼티드,42800,코빈즈커피,콜롬비아,기타,https://www.cobeans.com/shop/detail.php?pno=F976B57BB9DD27AA2E7E7DF2825893A6,품종: Blend,False,False,False,42.8
736,콜롬비아 카투라 민트허니,42700,로열커피,콜롬비아,기타가공,https://royalcoffeekorea.co.kr/goods/goods_view.php?goodsNo=1208,품종: 카투라,False,False,False,42.7
1278,산타펠리사 게이샤 2722 오렌지 허니 1600,42500,세웅지씨,과테말라,허니,https://www.sewoonggc.com:443/shop/item.php?it_id=1762860528,,False,False,True,42.5
954,예멘 모카 마타리 셀렉션 내추럴 Yemen,42000,블레스빈,예멘,내추럴 Natural,https://blessbean.co.kr/shop/item.php?it_id=YE-MSLN001,품종: 예멘 아라비카 토착종 Yemen Arabica Heirloom,False,False,False,42.0
562,코스타리카 부르마스 델 수르키 엘 센트로 산 로케 내추럴,42000,엠아이커피,코스타리카,Natural,https://www.micoffee.co.kr/goods/goods_view.php?goodsNo=1000006976,품종: San Roque,False,False,False,42.0
1133,콰미 2025 AFCA TOH 리저널 워시드 2위,42000,세웅지씨,에티오피아,워시드,https://www.sewoonggc.com:443/shop/item.php?it_id=1745299963,,False,False,False,42.0
1277,산타펠리사 게이샤 2722 풀리 워시드 더블 소크 1500,41500,세웅지씨,과테말라,워시드,https://www.sewoonggc.com:443/shop/item.php?it_id=1762860678,,False,False,True,41.5
828,콜롬비아 퀸디오 빌라 베투리아 핑크버번 내츄럴,41000,소펙스코리아,콜롬비아,Natural,https://sopexkorea.com/product/detail.html?product_no=1179,품종: Pink Bourbon,False,False,False,41.0
835,콜롬비아 퀸디오 산타 모니카 카투라 무산소 내츄럴,41000,소펙스코리아,콜롬비아,Anaerobic Natural,https://sopexkorea.com/product/detail.html?product_no=1192,품종: Caturra,False,False,False,41.0
829,콜롬비아 퀸디오 카사 네그라 치로소 무산소 내츄럴,41000,소펙스코리아,콜롬비아,Anaerobic Natural,https://sopexkorea.com/product/detail.html?product_no=1263,품종: Chiroso,False,False,False,41.0
1433,콜롬비아 포토시 트레스 드래곤즈 콜롬비아 내추럴,41000,엠아이커피,콜롬비아,Natural,https://www.micoffee.co.kr/goods/goods_view.php?goodsNo=1000006881,품종: Colombia,False,False,False,41.0
263,26 콜롬비아 라 로카 게이샤 인퓨즈드 플로럴,40800,코빈즈커피,콜롬비아,기타,https://www.cobeans.com/shop/detail.php?pno=DC16622DDC767E6BC1200FE5DF2FBDFB,품종: Geisha,False,False,True,40.8
711,에티오피아 봄베 워시드 무산소 G1,40100,로열커피,에티오피아,"워시드,무산소",https://royalcoffeekorea.co.kr/goods/goods_view.php?goodsNo=857,품종: 기타품종,False,False,False,40.1
1228,산타펠리사 SL-28 내추럴 1550,40000,세웅지씨,과테말라,내추럴,https://www.sewoonggc.com:443/shop/item.php?it_id=1738810477,,False,False,False,40.0
1023,코스타리카 수마바 데 루르데스 라 라데라 엠마 SL28 2026,40000,커피리브레,코스타리카,화이트 허니 White Honey,https://coffeelibre.kr/product/detail.html?product_no=7884&amp;cate_no=56&amp;display_group=1,품종: SL28,False,False,False,40.0
1026,코스타리카 엘사르 데 사르세로 산타 루시아 에티오피아 옐로우 허니 2026,40000,커피리브레,코스타리카,옐로우 허니 Yellow Honey,https://coffeelibre.kr/product/detail.html?product_no=7886&amp;cate_no=56&amp;display_group=1,"품종: 카투라, 카투아이 Caturra, Catuai",False,False,False,40.0
1276,산타펠리사 레드 시드라 내추럴 와일드 이스트 1500,39900,세웅지씨,과테말라,내추럴,https://www.sewoonggc.com:443/shop/item.php?it_id=1762860792,,False,False,False,39.9
348,니카라과 핀카 리브레 게이샤 Lot.3,39800,커피리브레,니카라과,워시드 Washed,https://coffeelibre.kr/product/detail.html?product_no=6869&amp;cate_no=56&amp;display_group=1,품종: 게이샤 Geisha,False,False,True,39.8
400,브라질 파젠다 엄 아라라 펄프드 내추럴,39500,GSC,브라질,Pulped Natural,https://www.gsc.coffee/goods/goods_view.php?goodsNo=1000001214,,False,False,False,39.5
168,인도네시아 시말렘 농장 시리즈 그레이프 코퍼멘테이션 *8월~9월 재입고 예정,39500,에이션빈,인도네시아,,https://www.asianbean.co.kr/shop/shopdetail.html?branduid=12258232&amp;xcode=008&amp;mcode=002&amp;scode=&amp;type=X&amp;sort=manual&amp;current_category=008&amp;search=&amp;GfDT=bmp0W18%3D,,False,False,False,39.5
171,인도네시아 시말렘 농장 시리즈 로즈마리 코퍼멘테이션 *8월~9월 재입고 예정,39500,에이션빈,인도네시아,,https://www.asianbean.co.kr/shop/shopdetail.html?branduid=12258233&amp;xcode=008&amp;mcode=002&amp;scode=&amp;type=X&amp;sort=manual&amp;current_category=008&amp;search=&amp;GfDT=bmt7W1o%3D,,False,False,False,39.5
148,인도네시아 시말렘 농장 시리즈 메론 코퍼멘테이션,39500,에이션빈,인도네시아,,https://www.asianbean.co.kr/shop/shopdetail.html?branduid=12258234&amp;xcode=008&amp;mcode=002&amp;scode=&amp;type=X&amp;sort=manual&amp;current_category=008&amp;search=&amp;GfDT=bmh3Uw%3D%3D,,False,False,False,39.5
170,인도네시아 시말렘 농장 시리즈 자스민 코퍼멘테이션 *8월~9월 재입고 예정,39500,에이션빈,인도네시아,,https://www.asianbean.co.kr/shop/shopdetail.html?branduid=12258235&amp;xcode=008&amp;mcode=002&amp;scode=&amp;type=X&amp;sort=manual&amp;current_category=008&amp;search=&amp;GfDT=aWl3VA%3D%3D,,False,False,False,39.5
169,인도네시아 시말렘 농장 시리즈 피치 코퍼멘테이션 *8월~9월 재입고 예정,39500,에이션빈,인도네시아,,https://www.asianbean.co.kr/shop/shopdetail.html?branduid=12258236&amp;xcode=008&amp;mcode=002&amp;scode=&amp;type=X&amp;sort=manual&amp;current_category=008&amp;search=&amp;GfDT=aG13VQ%3D%3D,,False,False,False,39.5
262,26 콜롬비아 빌라 율리아나 파파요 워시드,39300,코빈즈커피,콜롬비아,워시드,https://www.cobeans.com/shop/detail.php?pno=234833147B97BB6AED53A8F4F1C7A7D8,품종: Papayo,False,False,False,39.3
944,-26CROP- KE 엠부 쿠씨엔다 에이미 AA TOP 풀리 워시드 - 마이크로랏 Kenya,39000,블레스빈,케냐,풀리 워시드 Fully Washed,https://blessbean.co.kr/shop/item.php?it_id=KE-EGAW002,품종: SL-28,False,False,False,39.0
1127,콰미 게샤 허니 G1,39000,세웅지씨,에티오피아,허니,https://www.sewoonggc.com:443/shop/item.php?it_id=1749790449,,False,False,True,39.0
1391,마타리 프리미엄,38900,세웅지씨,예멘,,https://www.sewoonggc.com:443/shop/item.php?it_id=1770980600,,False,False,False,38.9
261,25 콜롬비아 엘 로시오 핑크버번 허니,38800,코빈즈커피,콜롬비아,허니,https://www.cobeans.com/shop/detail.php?pno=39DCAF7A053DC372FBC391D4E6B5D693,품종: Pink bourbon,False,False,False,38.8
1181,산타펠리사 SL-28 내추럴 와일드 이스트 1550,38600,세웅지씨,과테말라,내추럴,https://www.sewoonggc.com:443/shop/item.php?it_id=1762859987,,False,False,False,38.6
1083,Yemen Mocha Mattari Al Hamdani 예멘 모카 마타리 알 함다니,38500,레헴코리아,예멘,내추럴,https://rnccoffee.kr/product/detail.html?product_no=69,품종: Mocha,False,False,False,38.5
1006,26 에티오피아 게뎁 단체 G1 애너러빅 워시드,38300,코빈즈커피,에티오피아,애너러빅,https://www.cobeans.com/shop/detail.php?pno=F1748D6B0FD9D439F71450117EBA2725,품종: Heirloom,False,False,False,38.3
943,-26CROP- KE 엠부 쿠씨엔다 에이미 AB TOP 풀리 워시드 - 마이크로랏 Kenya,38000,블레스빈,케냐,풀리 워시드 Fully Washed,https://blessbean.co.kr/shop/item.php?it_id=KE-EGBW003,품종: SL-28,False,False,False,38.0
936,-26CROP- 에티오피아 예가체프 게뎁 랄레사 슬로우드라이 내추럴 Ethiopia,38000,블레스빈,에티오피아,내추럴 Natural,https://blessbean.co.kr/shop/item.php?it_id=ET-YG1N020,품종: 에어룸 Heirloom,False,False,False,38.0
1411,게이샤 워시드 / 안티오키아 - 엘 노갈,38000,세웅지씨,콜롬비아,워시드,https://www.sewoonggc.com:443/shop/item.php?it_id=1674212803,,False,False,True,38.0
1226,산타펠리사 블루 문 레드 파카마라 힙 퍼먼테이션 내추럴,38000,세웅지씨,과테말라,내추럴,https://www.sewoonggc.com:443/shop/item.php?it_id=1738816100,,False,False,False,38.0
1189,산타펠리사 파이어 SL-28 락틱 애시드 박테리아(랩) 48시간 내추럴,38000,세웅지씨,과테말라,내추럴,https://www.sewoonggc.com:443/shop/item.php?it_id=1738816291,,False,False,False,38.0
1303,산타펠리사 프룻 프럼 더 우즈 레드 파카마라 힙 퍼먼테이션 내추럴,38000,세웅지씨,과테말라,내추럴,https://www.sewoonggc.com:443/shop/item.php?it_id=1738815925,,False,False,False,38.0
826,콜롬비아 퀸디오 빌라라조 핑크버번 EF2 워시드,38000,소펙스코리아,콜롬비아,EF2 Washed,https://sopexkorea.com/product/detail.html?product_no=1182,품종: Pink Bourbon,False,False,False,38.0
827,콜롬비아 퀸디오 카사 네그라 파파요 내츄럴,38000,소펙스코리아,콜롬비아,Natural,https://sopexkorea.com/product/detail.html?product_no=1185,품종: Papayo,False,False,False,38.0
735,-1.3% 콜롬비아 블랙허니 2중 무산소,37900,로열커피,콜롬비아,무산소,https://royalcoffeekorea.co.kr/goods/goods_view.php?goodsNo=1088,품종: 카스틸요,False,False,False,37.9
162,25/26 예멘 모카 마타리 후르츠 쇼콜라타 내추럴,37500,에이션빈,예멘,내추럴,https://www.asianbean.co.kr/shop/shopdetail.html?branduid=12256061&amp;xcode=008&amp;mcode=001&amp;scode=&amp;type=X&amp;sort=manual&amp;current_category=008&amp;search=&amp;GfDT=bmx7W1g%3D,,False,False,False,37.5
1270,엘 로살 카투라 치로소 워시드,37500,세웅지씨,콜롬비아,워시드,https://www.sewoonggc.com:443/shop/item.php?it_id=1763103326,,False,False,False,37.5
1005,26 에티오피아 게뎁 단체 G1 레드허니,37300,코빈즈커피,에티오피아,허니,https://www.cobeans.com/shop/detail.php?pno=6412FEF87392AE8C987B0ECC79DA1902,품종: Heirloom,False,False,False,37.3
947,케냐 엠부 쿠씨엔다 AA TOP 풀리 워시드 - 마이크로랏 Kenya,37000,블레스빈,케냐,풀리 워시드 Fully Washed,https://blessbean.co.kr/shop/item.php?it_id=KE-EGAW001,품종: SL-28,False,False,False,37.0
534,인도네시아 쁘가싱 아바타라 C.M (내추럴),36900,커피루트,인도네시아,내추럴,https://koffeeroute.com/product/Indonesia_Avatara_CM,,False,False,False,36.9
260,26 콜롬비아 과코비아 스트로베리 코퍼먼티드,36800,코빈즈커피,콜롬비아,기타,https://www.cobeans.com/shop/detail.php?pno=D827F12E35EAE370BA9C65B7F6026695,품종: Pink Bourbon,False,False,False,36.8
258,26 콜롬비아 로스 파티오스 베리 코퍼먼티드,36800,코빈즈커피,콜롬비아,기타,https://www.cobeans.com/shop/detail.php?pno=149815EB972B3C370DEE3B89D645AE14,품종: Blend,False,False,False,36.8
257,26 콜롬비아 로스 파티오스 체리 코퍼먼티드,36800,코빈즈커피,콜롬비아,기타,https://www.cobeans.com/shop/detail.php?pno=49C0B9D84C2A16FCAF9D25694FDA75E1,품종: Blend,False,False,False,36.8
259,26 콜롬비아 로스 파티오스 피치 코퍼먼티드,36800,코빈즈커피,콜롬비아,기타,https://www.cobeans.com/shop/detail.php?pno=FFEDF5BE3A86E2EE281D54CDC97BC1CF,품종: Blend,False,False,False,36.8
1381,마타리 커머셜,36800,세웅지씨,예멘,,https://www.sewoonggc.com:443/shop/item.php?it_id=1770980603,,False,False,False,36.8
1233,핀카 시베리아 SL34 워시드,36800,세웅지씨,엘살바도르,워시드,https://www.sewoonggc.com:443/shop/item.php?it_id=1703240345,,False,False,False,36.8
710,에티오피아 봄베 블랙 허니 G1,36700,로열커피,에티오피아,허니,https://royalcoffeekorea.co.kr/goods/goods_view.php?goodsNo=992,품종: 기타품종,False,False,False,36.7
1086,벤사 산타와네 G1 내추럴 ASD 7 Days,36200,세웅지씨,에티오피아,내추럴,https://www.sewoonggc.com:443/shop/item.php?it_id=1784086950,,False,False,False,36.2
946,케냐 엠부 쿠씨엔다 AB TOP 풀리 워시드 - 마이크로랏 Kenya,36000,블레스빈,케냐,풀리 워시드 Fully Washed,https://blessbean.co.kr/shop/item.php?it_id=KE-EGBW002,품종: SL-28,False,False,False,36.0
941,케냐 엠부 쿠씨엔다 PB TOP 풀리 워시드 - 마이크로랏 Kenya,36000,블레스빈,케냐,풀리 워시드 Fully Washed,https://blessbean.co.kr/shop/item.php?it_id=KE-EGPW001,품종: SL-28,False,False,False,36.0
1318,엘 피니토 카투아이 워시드,35500,세웅지씨,온두라스,워시드,https://www.sewoonggc.com:443/shop/item.php?it_id=1729589892,,False,False,False,35.5
709,에티오피아 샨타 웨네 옐로우 허니 G1,35400,로열커피,에티오피아,허니,https://royalcoffeekorea.co.kr/goods/goods_view.php?goodsNo=996,품종: 기타품종,False,False,False,35.4
1159,엘 디비소 스테이트 #3 워시드 ASD,35000,세웅지씨,콜롬비아,워시드,https://www.sewoonggc.com:443/shop/item.php?it_id=1773661256,,False,False,False,35.0
587,인도네시아 알라민 버니 텔롱 티피카 내추럴 HASD,35000,엠아이커피,인도네시아,Natural HASD (High Altitude Sl,https://www.micoffee.co.kr/goods/goods_view.php?goodsNo=1000006784,품종: Typica,False,False,False,35.0
922,케냐 키린야가 Kii AA,35000,더블유빈,케냐,Washed,https://www.wbeans.com/goods/goods_view.php?goodsNo=1000009992,"품종: SL 28, SL 34, Ruiru 11",False,False,False,35.0
1024,코스타리카 수마바 데 루르데스 몬테 야노 보니또 밀레니오 내추럴 2026,35000,커피리브레,코스타리카,내추럴 Natural,https://coffeelibre.kr/product/detail.html?product_no=7885&amp;cate_no=56&amp;display_group=1,품종: 밀레니오 Milenio,False,False,False,35.0
559,페루 엘 라우렐 핑크 버번 워시드,35000,엠아이커피,페루,Fully Washed,https://www.micoffee.co.kr/goods/goods_view.php?goodsNo=1000006456,품종: Pink Bourbon,False,False,False,35.0
232,26 에티오피아 시다마 벤사 두완초 G1 내추럴,34800,코빈즈커피,에티오피아,내추럴,https://www.cobeans.com/shop/detail.php?pno=852C44DDCE7E0C7E4C64D86147300831,품종: 74158,False,False,False,34.8
1114,문가리아 내추럴,34800,세웅지씨,케냐,내추럴,https://www.sewoonggc.com:443/shop/item.php?it_id=1754270065,,False,False,False,34.8
921,케냐 카바레 키앙옴베 AA TOP,34500,더블유빈,케냐,Washed,https://www.wbeans.com/goods/goods_view.php?goodsNo=1000009991,"품종: SL 28, SL 34, Batian, Ruiru 11",False,False,False,34.5
556,콜롬비아 라스 마가리타스 옐로우 버번 워시드,34000,엠아이커피,콜롬비아,Fully Washed,https://www.micoffee.co.kr/goods/goods_view.php?goodsNo=1000006891,품종: Yellow Bourbon,False,False,False,34.0
1370,콜롬비아 엘 로블레 핑크버본 워시드 15530,34000,세웅지씨,콜롬비아,워시드,https://www.sewoonggc.com:443/shop/item.php?it_id=1732871616,,False,False,False,34.0
1343,핀카 라파니 파카마라 무산소 내추럴,34000,세웅지씨,엘살바도르,무산소 내추럴,https://www.sewoonggc.com:443/shop/item.php?it_id=1676019185,,False,False,False,34.0
1272,엘 콤피타 치로소 게이샤 허니,33500,세웅지씨,콜롬비아,허니,https://www.sewoonggc.com:443/shop/item.php?it_id=1763103268,,False,False,True,33.5
536,인도네시아 브네르 므리아 리오 A.N 360h,33500,커피루트,인도네시아,,https://koffeeroute.com/product/Indonesia_Rio_AN,,False,False,False,33.5
158,태국 파마이리암 아솔 메이라크 아나에어로빅 내추럴,33500,에이션빈,태국,무산소 내추럴,https://www.asianbean.co.kr/shop/shopdetail.html?branduid=12255354&amp;xcode=008&amp;mcode=003&amp;scode=&amp;type=X&amp;sort=manual&amp;current_category=008&amp;search=&amp;GfDT=am93UQ%3D%3D,,False,False,False,33.5
153,태국 후아이챈 나윈 아나에어로빅 내추럴,33500,에이션빈,태국,무산소 내추럴,https://www.asianbean.co.kr/shop/shopdetail.html?branduid=12255353&amp;xcode=008&amp;mcode=003&amp;scode=&amp;type=X&amp;sort=manual&amp;current_category=008&amp;search=&amp;GfDT=bW13Vg%3D%3D,,False,False,False,33.5
734,콜롬비아 미엘레스 게이샤 허니,33300,로열커피,콜롬비아,"허니,기타가공",https://royalcoffeekorea.co.kr/goods/goods_view.php?goodsNo=1308,품종: 게이샤,False,False,True,33.3
570,과테말라 엘 소코로 마라카투라 워시드,33000,엠아이커피,과테말라,Fully Washed,https://www.micoffee.co.kr/goods/goods_view.php?goodsNo=1000002796,품종: Maracaturra,False,False,False,33.0
1013,코스타리카 그라니토스 데 알투라 엘 파라이소 H17 레드 허니 2026,33000,커피리브레,코스타리카,레드 허니 Red Honey,https://coffeelibre.kr/product/detail.html?product_no=7865&amp;cate_no=56&amp;display_group=1,품종: H17,False,False,False,33.0
419,콜롬비아 산 가브리엘 버번 치로소 아나에어로빅 워시드,33000,GSC,콜롬비아,Anaerobic Washed,https://www.gsc.coffee/goods/goods_view.php?goodsNo=1000001333,,False,False,False,33.0
28,★세일★ 브라질 파티마 루비 무산소 내추럴,32900,알마씨엘로,브라질,아나에어로빅 내추럴,https://www.almacielo.com/shop/detail.php?pno=7D12B66D3DF6AF8D429C1A357D8B9E1A&amp;rURL=https%3A%2F%2Fwww.almacielo.com%2Fcontent%2Fcontent.php%3Fcont%3Dsimpleorder&amp;ctype=1&amp;cno1=,품종: RUBI,False,False,False,32.9
157,25/26 예멘 모카 마타리 후르츠 쇼콜라타 내추럴 *7월중 인상 예정,32500,에이션빈,예멘,내추럴,https://www.asianbean.co.kr/shop/shopdetail.html?branduid=12239169&amp;xcode=008&amp;mcode=001&amp;scode=&amp;type=X&amp;sort=manual&amp;current_category=008&amp;search=&amp;GfDT=aGd3UF0%3D,,False,False,False,32.5
1037,에티오피아 시다모 G1 봄베 와인 내추럴,32500,엠아이커피,에티오피아,Wine Natural,https://www.micoffee.co.kr/goods/goods_view.php?goodsNo=1000005598,"품종: Heirloom (Kumie, Diga & Wilsho)",False,False,False,32.5
341,니카라과 베타니아 마라카투라 내추럴,32400,커피리브레,니카라과,내추럴 Natural,https://coffeelibre.kr/product/detail.html?product_no=6792&amp;cate_no=56&amp;display_group=1,품종: 마라카투라 Maracaturra,False,False,False,32.4
1033,26 에티오피아 시다마 아르베고나 루무다모 G1 워시드,32300,코빈즈커피,에티오피아,워시드,https://www.cobeans.com/shop/detail.php?pno=DD17E652CD2A08FDB8BF7F68E2AD3814,품종: 74112,False,False,False,32.3
1087,어내로빅 G1 와이니,32200,세웅지씨,에티오피아,,https://www.sewoonggc.com:443/shop/item.php?it_id=1782293299,,False,False,False,32.2
218,디카페인 에티오피아 샤키소 타데 GG Natural M.W Process,32000,에이션빈,에티오피아,내추럴,https://www.asianbean.co.kr/shop/shopdetail.html?branduid=12255359&amp;xcode=011&amp;mcode=001&amp;scode=&amp;type=X&amp;sort=manual&amp;current_category=011&amp;search=&amp;GfDT=bmt6W14%3D,,False,True,False,32.0
217,디카페인 콜롬비아 토리마 카페 그란데 엘 비노 M.W Process,32000,에이션빈,콜롬비아,디카페인,https://www.asianbean.co.kr/shop/shopdetail.html?branduid=12255363&amp;xcode=011&amp;mcode=004&amp;scode=&amp;type=X&amp;sort=manual&amp;current_category=011&amp;search=&amp;GfDT=bm95W10%3D,,False,True,False,32.0
1227,산타펠리사 레드 파카마라 내추럴 1600,32000,세웅지씨,과테말라,내추럴,https://www.sewoonggc.com:443/shop/item.php?it_id=1738810598,,False,False,False,32.0
1252,카샤사 럼 배럴,32000,세웅지씨,브라질,,https://www.sewoonggc.com:443/shop/item.php?it_id=1773921754,,False,False,False,32.0
1308,콜롬비아 게이샤 버본 내추럴 카우카 라 글로리아 15534,32000,세웅지씨,콜롬비아,내추럴,https://www.sewoonggc.com:443/shop/item.php?it_id=1732695098,,False,False,True,32.0
1034,26 에티오피아 게뎁 단체 G1 내추럴,31800,코빈즈커피,에티오피아,내추럴,https://www.cobeans.com/shop/detail.php?pno=06FE1C234519F6812FC4C1BAAE25D6AF,품종: Heirloom,False,False,False,31.8
230,26 에티오피아 시다마 벤사 아다라 케라모 G1 워시드,31800,코빈즈커피,에티오피아,워시드,https://www.cobeans.com/shop/detail.php?pno=283085D30E10513624C8CECE7993F4DE,품종: 74158,False,False,False,31.8
1032,26 에티오피아 시다마 벤사 아다라 케라모 G1 허니,31800,코빈즈커피,에티오피아,허니,https://www.cobeans.com/shop/detail.php?pno=75455E062929D32A333868084286BB68,품종: 74158,False,False,False,31.8
228,26 에티오피아 시다마 벤사 오다코 G1 내추럴,31800,코빈즈커피,에티오피아,내추럴,https://www.cobeans.com/shop/detail.php?pno=48C3EC5C3A93A9E294A8A6392CCEDEB4,품종: 74158,False,False,False,31.8
229,26 에티오피아 시다마 벤사 파피초 G1 내추럴,31800,코빈즈커피,에티오피아,내추럴,https://www.cobeans.com/shop/detail.php?pno=02F657D55EAF1C4840CE8D66FCDAF90C,품종: 74110/74112,False,False,False,31.8
231,26 에티오피아 시다마 벤사 하마쇼 G1 내추럴,31800,코빈즈커피,에티오피아,내추럴,https://www.cobeans.com/shop/detail.php?pno=C0E90532FB42AC6DE18E25E95DB73047,품종: 74158,False,False,False,31.8
1031,26 에티오피아 시다마 아르베고나 루무다모 G1 내추럴,31800,코빈즈커피,에티오피아,내추럴,https://www.cobeans.com/shop/detail.php?pno=8CFF9BF6694DCCFC3B6A613D05D51D16,품종: 74112,False,False,False,31.8
1429,26 에티오피아 시다마 아르베고나 보체사 G1 내추럴,31800,코빈즈커피,에티오피아,내추럴,https://www.cobeans.com/shop/detail.php?pno=E113BB92C69391DD39E2488F9F588382,품종: 74158,False,False,False,31.8
318,콜롬비아 나리뇨 라스 과야카네스 카투라 치로소,31800,커피리브레,콜롬비아,워시드 Washed,https://coffeelibre.kr/product/detail.html?product_no=7653&amp;cate_no=56&amp;display_group=1,품종: 카투라 치로소 Caturra Chiroso,False,False,False,31.8
935,-26CROP- 에티오피아 예가체프 게뎁 워르카 PG1 워시드 Ethiopia,31000,블레스빈,에티오피아,워시드 Washed,https://blessbean.co.kr/shop/item.php?it_id=ET-YG1W011,품종: 에어룸 Heirloom,False,False,False,31.0
1413,EXOTIC 파라이소 92 베리 크러쉬,31000,세웅지씨,콜롬비아,,https://www.sewoonggc.com:443/shop/item.php?it_id=1732006559,,False,False,False,31.0
998,과테말라 안티구아 산 로렌조 엘 쿠보 핀카메디나 SHB 내추럴 Guatemala,31000,블레스빈,과테말라,내추럴 Natural,https://blessbean.co.kr/shop/item.php?it_id=GT-ASBN001,품종: 카투아이 Catuai,False,False,False,31.0
667,HU-1506,30600,카페노갈레스,콜롬비아,Washed,https://www.cafenogales.co.kr/product/1506-Arusi,품종: Arusi,False,False,False,30.6
321,콜롬비아 우일라 엘 미라도르 핑크 부르봉 허니,30500,커피리브레,콜롬비아,허니 Honey,https://coffeelibre.kr/product/detail.html?product_no=7657&amp;cate_no=56&amp;display_group=1,품종: 핑크 부르봉 Pink Bourbon,False,False,False,30.5
1004,26 에티오피아 게뎁 단체 G1 화이트허니,30300,코빈즈커피,에티오피아,허니,https://www.cobeans.com/shop/detail.php?pno=E354FD90B2D5C777BFEC87A352A18976,품종: Heirloom,False,False,False,30.3
1216,산타펠리사 아나카페 14 내추럴 1500,30200,세웅지씨,과테말라,내추럴,https://www.sewoonggc.com:443/shop/item.php?it_id=1762859789,,False,False,False,30.2
774,에티오피아 벤치 마지 게샤 G1 무산소 내츄럴,30100,소펙스코리아,에티오피아,Anaerobic Natural,https://sopexkorea.com/product/detail.html?product_no=1461,"품종: Gori Gesha, Gesha 1931",False,False,True,30.1
1420,EXOTIC 파라이소 92 디카페인 파라다이스,30000,세웅지씨,콜롬비아,디카페인,https://www.sewoonggc.com:443/shop/item.php?it_id=1718966314,,False,True,False,30.0
1476,신규입고 Kenya Specialty 'Etago' Anaerobic Natural 케냐 스페셜티 '에타고' 애너러빅 내추럴,30000,레헴코리아,케냐,무산소 내추럴,https://rnccoffee.kr/product/detail.html?product_no=8040,"품종: SL-28, SL-34",False,False,False,30.0
398,브라질 파젠다 엄 레드 카투카이 L-MB5 펄프드 내추럴,30000,GSC,브라질,Pulped Natural,https://www.gsc.coffee/goods/goods_view.php?goodsNo=1000001317,,False,False,False,30.0
1450,케냐 은다로이니 AA TOP,30000,엠아이커피,케냐,Fully Washed,https://www.micoffee.co.kr/goods/goods_view.php?goodsNo=1000007577,"품종: SL28, SL34, Ruiru11, Batia",False,False,False,30.0
1449,케냐 키 AA TOP,30000,엠아이커피,케냐,Fully Washed,https://www.micoffee.co.kr/goods/goods_view.php?goodsNo=1000007578,"품종: SL28, SL34, Ruiru11, Batian",False,False,False,30.0
992,케냐 키아무구모 AA TOP,30000,엠아이커피,케냐,Fully Washed,https://www.micoffee.co.kr/goods/goods_view.php?goodsNo=1000007549,"품종: SL28, SL34, Ruiru11, Batian",False,False,False,30.0
51,★세일★ 콜롬비아 피오니 허니 플러스,29900,알마씨엘로,콜롬비아,허니,https://www.almacielo.com/shop/detail.php?pno=96DE2547F44254C97F5F4F1F402711C1&amp;rURL=https%3A%2F%2Fwww.almacielo.com%2Fcontent%2Fcontent.php%3Fcont%3Dsimpleorder&amp;ctype=1&amp;cno1=,품종: CATURRA / CASTILLO,False,False,False,29.9
227,◼︎이벤트◼︎25 에티오피아 시다마 아르베고나 루무다모 G1 워시드,29800,코빈즈커피,에티오피아,워시드,https://www.cobeans.com/shop/detail.php?pno=2D00F43F07911355D4151F13925FF292,품종: 74112,False,False,False,29.8
579,엘살바도르 플란 델 호요 아나카페 14 워시드,29500,엠아이커피,엘살바도르,Fully Washed,https://www.micoffee.co.kr/goods/goods_view.php?goodsNo=1000007195,품종: Anacafe 14,False,False,False,29.5
320,콜롬비아 우일라 나랑히토스 핑크 부르봉 세미 워시드,29500,커피리브레,콜롬비아,세미 워시드 Semi Washed,https://coffeelibre.kr/product/detail.html?product_no=7655&amp;cate_no=56&amp;display_group=1,품종: 핑크 부르봉 Pink Bourbon,False,False,False,29.5
183,태국 시린야 매사이 스폰 내추럴,29500,에이션빈,태국,내추럴,https://www.asianbean.co.kr/shop/shopdetail.html?branduid=12255349&amp;xcode=008&amp;mcode=003&amp;scode=&amp;type=X&amp;sort=manual&amp;current_category=008&amp;search=&amp;GfDT=bmt8W1o%3D,,False,False,False,29.5
433,코스타리카 핀카 단토 센트로아메리카노 라이트 허니,29400,GSC,코스타리카,Light honey,https://www.gsc.coffee/goods/goods_view.php?goodsNo=1000001175,,False,False,False,29.4
773,에티오피아 예가체프 G1 무산소 내츄럴,29200,소펙스코리아,에티오피아,Anaerobic Natural,https://sopexkorea.com/product/detail.html?product_no=1465,품종: Mixed Heirloom,False,False,False,29.2
345,니카라과 핀카 리브레 SL34,29000,커피리브레,니카라과,워시드 Washed,https://coffeelibre.kr/product/detail.html?product_no=6864&amp;cate_no=56&amp;display_group=1,품종: SL34,False,False,False,29.0
1367,산타펠리사 레드 카투라 내추럴,29000,세웅지씨,과테말라,내추럴,https://www.sewoonggc.com:443/shop/item.php?it_id=1738815606,,False,False,False,29.0
1448,케냐 가투부 PB TOP,29000,엠아이커피,케냐,Fully Washed,https://www.micoffee.co.kr/goods/goods_view.php?goodsNo=1000007575,"품종: SL28, SL34, Ruiru11, Batian",False,False,False,29.0
1447,케냐 기티투 AB TOP,29000,엠아이커피,케냐,Fully Washed,https://www.micoffee.co.kr/goods/goods_view.php?goodsNo=1000007576,"품종: SL28, SL34, Ruiru11, Batian",False,False,False,29.0
989,케냐 캄완기 AB TOP,29000,엠아이커피,케냐,Fully Washed,https://www.micoffee.co.kr/goods/goods_view.php?goodsNo=1000007548,"품종: SL28, SL34, Ruiru11, Batian",False,False,False,29.0
990,케냐 캄완기 PB TOP,29000,엠아이커피,케냐,Fully Washed,https://www.micoffee.co.kr/goods/goods_view.php?goodsNo=1000007559,"품종: SL28, SL34, Ruiru11, Batian",False,False,False,29.0
50,★세일★ 콜롬비아 카르페 오렌지블룸 워시드,28900,알마씨엘로,콜롬비아,워시드,https://www.almacielo.com/shop/detail.php?pno=BE3E9D3F7D70537357C67BB3F4086846&amp;rURL=https%3A%2F%2Fwww.almacielo.com%2Fcontent%2Fcontent.php%3Fcont%3Dsimpleorder&amp;ctype=1&amp;cno1=,품종: CATURRA,False,False,False,28.9
496,에티오피아 G1 구지 샤키소 워시드 · 7월세일,28900,GSC,에티오피아,Washed,https://www.gsc.coffee/goods/goods_view.php?goodsNo=1000001336,,False,False,False,28.9
237,26 에티오피아 게뎁 단체 G1 워시드,28800,코빈즈커피,에티오피아,워시드,https://www.cobeans.com/shop/detail.php?pno=4BE5A36CBACA8AB9D2066DEBFE4E65C1,품종: Heirloom,False,False,False,28.8
238,26 에티오피아 게뎁 라레사 G1 워시드,28800,코빈즈커피,에티오피아,워시드,https://www.cobeans.com/shop/detail.php?pno=D7619BEB6EB189509885FBC192D2874B,"품종: Wolisho, Dega",False,False,False,28.8
240,26 에티오피아 구지 우라가 고구구 G1 워시드,28800,코빈즈커피,에티오피아,워시드,https://www.cobeans.com/shop/detail.php?pno=5ACDC9CA5D99AE66AFDFE1EEA0E3B26B,"품종: Kurume, Dega",False,False,False,28.8
245,26 에티오피아 구지 함벨라 반티넨카 G1 내추럴,28800,코빈즈커피,에티오피아,내추럴,https://www.cobeans.com/shop/detail.php?pno=B5BAA9C23AC3E015AD287B17A3D4AFA3,품종: Heirloom,False,False,False,28.8
244,26 에티오피아 구지 함벨라 틸트라 가요 G1 내추럴,28800,코빈즈커피,에티오피아,내추럴,https://www.cobeans.com/shop/detail.php?pno=2288F691B58EDECADCC9A8691762B4FD,품종: Heirloom,False,False,False,28.8
239,26 에티오피아 방코 고티티 Lot.2 G1 워시드,28800,코빈즈커피,에티오피아,워시드,https://www.cobeans.com/shop/detail.php?pno=8C59FD6FBE0E9793EC2B27971221CACE,품종: Heirloom,False,False,False,28.8
662,HU-2632,28800,카페노갈레스,콜롬비아,Washed,https://www.cafenogales.co.kr/product/HU2632-739,품종: Pink Bourbon,False,False,False,28.8
733,콜롬비아 미라그로스 게이샤,28600,로열커피,콜롬비아,기타가공,https://royalcoffeekorea.co.kr/goods/goods_view.php?goodsNo=1314,품종: 게이샤,False,False,True,28.6
101,에티오피아 모모라 워시드 구지 G1,28400,알마씨엘로,에티오피아,워시드,https://www.almacielo.com/shop/detail.php?pno=25B2822C2F5A3230ABFADD476E8B04C9&amp;rURL=https%3A%2F%2Fwww.almacielo.com%2Fcontent%2Fcontent.php%3Fcont%3Dsimpleorder&amp;ctype=1&amp;cno1=,,False,False,False,28.4
1003,26 에티오피아 게뎁 할로 베리티 G1 워시드 드라이 퍼먼테이션,28300,코빈즈커피,에티오피아,워시드,https://www.cobeans.com/shop/detail.php?pno=4DE81D9105C85BCA6E6E4666E6DD536A,품종: Heirloom,False,False,False,28.3
1330,엘도라도 초콜릿 프룬,28000,세웅지씨,브라질,,https://www.sewoonggc.com:443/shop/item.php?it_id=1711012568,,False,False,False,28.0
150,태국 쿤라오 수리 아나에어로빅 레드허니,28000,에이션빈,태국,무산소 허니,https://www.asianbean.co.kr/shop/shopdetail.html?branduid=12255350&amp;xcode=008&amp;mcode=003&amp;scode=&amp;type=X&amp;sort=manual&amp;current_category=008&amp;search=&amp;GfDT=bmx6W1g%3D,,False,False,False,28.0
27,★세일★ 브라질 문도노보 메이플 에어로빅 내추럴,27900,알마씨엘로,브라질,에어로빅 내추럴,https://www.almacielo.com/shop/detail.php?pno=87EC2F451208DF97228105657EDB717F&amp;rURL=https%3A%2F%2Fwww.almacielo.com%2Fcontent%2Fcontent.php%3Fcont%3Dsimpleorder&amp;ctype=1&amp;cno1=,품종: MUNDO NOVO,False,False,False,27.9
9,과테말라 안티구아 카보닉 디카페인 SHB,27900,알마씨엘로,과테말라,워시드/디카페인 Co2,https://www.almacielo.com/shop/detail.php?pno=A8F15EDA80C50ADB0E71943ADC8015CF&amp;rURL=https%3A%2F%2Fwww.almacielo.com%2Fcontent%2Fcontent.php%3Fcont%3Dsimpleorder&amp;ctype=1&amp;cno1=,품종: CATURRA / BOURBON,False,True,False,27.9
25,브라질 옐로우 플라워 내추럴,27900,알마씨엘로,브라질,내추럴,https://www.almacielo.com/shop/detail.php?pno=83E8EF518174E1EB6BE4A0778D050C9D&amp;rURL=https%3A%2F%2Fwww.almacielo.com%2Fcontent%2Fcontent.php%3Fcont%3Dsimpleorder&amp;ctype=1&amp;cno1=,품종: YELLOW CATUAI,False,False,False,27.9
242,26 에티오피아 구지 우라가 라로 G1 내추럴,27800,코빈즈커피,에티오피아,내추럴,https://www.cobeans.com/shop/detail.php?pno=60519C3DD22587D6DE04D5F1E28BD41D,품종: 74158,False,False,False,27.8
243,26 에티오피아 구지 우라가 시코 G1 내추럴,27800,코빈즈커피,에티오피아,내추럴,https://www.cobeans.com/shop/detail.php?pno=1D94108E907BB8311D8802B48FD54B4A,"품종: Kurume, Dega",False,False,False,27.8
128,에티오피아 게뎁 할로 베리티 비르하누 디도 아와초 슬로우 드라이 내추럴 G1,27800,에이션빈,에티오피아,내추럴,https://www.asianbean.co.kr/shop/shopdetail.html?branduid=12256135&amp;xcode=007&amp;mcode=001&amp;scode=&amp;type=X&amp;sort=manual&amp;current_category=007&amp;search=&amp;GfDT=aG93Vg%3D%3D,,False,False,False,27.8
432,코스타리카 SHB 살라카 H3 라이트 허니,27500,GSC,코스타리카,Light Honey,https://www.gsc.coffee/goods/goods_view.php?goodsNo=1000001276,,False,False,False,27.5
1113,기티투 내추럴,27300,세웅지씨,케냐,내추럴,https://www.sewoonggc.com:443/shop/item.php?it_id=1754270084,,False,False,False,27.3
289,에티오피아 시다마 벤사 케라모 G1 코빈즈 디카페인,27300,코빈즈커피,에티오피아,디카페인,https://www.cobeans.com/shop/detail.php?pno=CD10C7F376188A4A2CA3E8FEA2C03AEB,품종: Heirloom,False,True,False,27.3
852,코스타리카 '티라' 스페셜 리저브 내츄럴,27300,소펙스코리아,코스타리카,Natural,https://sopexkorea.com/product/detail.html?product_no=712,"품종: Caturra, Catuai",False,False,False,27.3
521,과테말라 SHB 스위스 워터 디카페인 · 7월세일,27200,GSC,과테말라,SW Decaf,https://www.gsc.coffee/goods/goods_view.php?goodsNo=1000000319,,False,True,False,27.2
761,페루 놀테 스위스워터 디카페인,27200,로열커피,페루,디카페인,https://royalcoffeekorea.co.kr/goods/goods_view.php?goodsNo=1581,"품종: 버번,카투라,기타품종",False,True,False,27.2
999,과테말라 안티구아 산 로렌조 엘 쿠보 핀카메디나 SHB 블랙허니 Guatemala,27000,블레스빈,과테말라,블랙 허니 Black Honey,https://blessbean.co.kr/shop/item.php?it_id=GT-ASBH002,품종: 카투라 Caturra,False,False,False,27.0
349,니카라과 핀카 리브레 케냐,27000,커피리브레,니카라과,워시드 Washed,https://coffeelibre.kr/product/detail.html?product_no=6868&amp;cate_no=56&amp;display_group=1,품종: 케냐 Kenya,False,False,False,27.0
302,에티오피아 벤치 마지 게샤 2026,27000,커피리브레,에티오피아,워시드 Washed,https://coffeelibre.kr/product/detail.html?product_no=7829&amp;cate_no=56&amp;display_group=1,품종: 게샤 Gesha,False,False,True,27.0
933,콜롬비아 수프리모 마운틴워터 디카페인,27000,더블유빈,콜롬비아,Mountain Water,https://www.wbeans.com/goods/goods_view.php?goodsNo=1000007594,"품종: Typica, BourbonCaturra",False,True,False,27.0
4,콜롬비아 안티오키아 디카페인 수프리모,27000,알마씨엘로,콜롬비아,워시드/디카페인 Co2,https://www.almacielo.com/shop/detail.php?pno=42A0E188F5033BC65BF8D78622277C4E&amp;rURL=https%3A%2F%2Fwww.almacielo.com%2Fcontent%2Fcontent.php%3Fcont%3Dsimpleorder&amp;ctype=1&amp;cno1=,품종: CATURRA / CASTILLO,False,True,False,27.0
88,케냐 타나 AA TOP,26900,알마씨엘로,케냐,,https://www.almacielo.com/shop/detail.php?pno=A2CC63E065705FE938A4DDA49092966F&amp;rURL=https%3A%2F%2Fwww.almacielo.com%2Fcontent%2Fcontent.php%3Fcont%3Dsimpleorder&amp;ctype=1&amp;cno1=,,False,False,False,26.9
520,콜롬비아 수프리모 스위스 워터 디카페인,26900,GSC,콜롬비아,SW Decaf,https://www.gsc.coffee/goods/goods_view.php?goodsNo=1000000293,,False,True,False,26.9
760,페루 노란디노 스위스워터 디카페인,26900,로열커피,페루,워시드,https://royalcoffeekorea.co.kr/goods/goods_view.php?goodsNo=1815,품종: 카투라,False,True,False,26.9
226,■이벤트■25 에티오피아 시다마 벤사 하마쇼 G1 워시드,26800,코빈즈커피,에티오피아,워시드,https://www.cobeans.com/shop/detail.php?pno=1F71E393B3809197ED66DF836FE833E5,품종: 74158,False,False,False,26.8
288,에티오피아 시다마 벤사 가타 G1 코빈즈 디카페인,26800,코빈즈커피,에티오피아,디카페인,https://www.cobeans.com/shop/detail.php?pno=D0921D442EE91B896AD95059D13DF618,품종: 74158,False,True,False,26.8
1418,EXOTIC 파라이소 92 크랜베리 주스 디카페인,26500,세웅지씨,콜롬비아,디카페인,https://www.sewoonggc.com:443/shop/item.php?it_id=1708518956,,False,True,False,26.5
140,르완다 부셰케리 바호 응고마 레드버번 내추럴 *한정수량,26500,에이션빈,르완다,내추럴,https://www.asianbean.co.kr/shop/shopdetail.html?branduid=12257445&amp;xcode=007&amp;mcode=004&amp;scode=&amp;type=X&amp;sort=manual&amp;current_category=007&amp;search=&amp;GfDT=bmt%2BW1s%3D,,False,False,False,26.5
397,브라질 파젠다 엄 옐로우 버번 보인하스 다크룸,26500,GSC,브라질,Dark Room,https://www.gsc.coffee/goods/goods_view.php?goodsNo=1000001315,,False,False,False,26.5
541,에티오피아 구지 사키소 아나소라 (내추럴),26500,커피루트,에티오피아,내추럴,https://koffeeroute.com/product/ET_ANASORA_N,,False,False,False,26.5
932,에티오피아 시다모 G2 마운틴워터 디카페인,26500,더블유빈,에티오피아,Mountain Water,https://www.wbeans.com/goods/goods_view.php?goodsNo=1000007595,품종: Heirloom,False,True,False,26.5
450,온두라스 라스 팔메라스 파라이네마 워시드,26500,GSC,온두라스,Washed,https://www.gsc.coffee/goods/goods_view.php?goodsNo=1000001146,,False,False,False,26.5
451,온두라스 라스 플로레스 버번 워시드,26500,GSC,온두라스,Washed,https://www.gsc.coffee/goods/goods_view.php?goodsNo=1000000764,,False,False,False,26.5
452,온두라스 레이나 팜 레드 카투아이 워시드,26500,GSC,온두라스,Washed,https://www.gsc.coffee/goods/goods_view.php?goodsNo=1000001283,,False,False,False,26.5
453,온두라스 세리토스 파라이네마 워시드,26500,GSC,온두라스,Washed,https://www.gsc.coffee/goods/goods_view.php?goodsNo=1000001029,,False,False,False,26.5
454,온두라스 엘 나랑호 파라이네마 워시드,26500,GSC,온두라스,Washed,https://www.gsc.coffee/goods/goods_view.php?goodsNo=1000000879,,False,False,False,26.5
455,온두라스 포르베니르 팜 IH-90 워시드,26500,GSC,온두라스,Washed,https://www.gsc.coffee/goods/goods_view.php?goodsNo=1000001284,,False,False,False,26.5
310,케냐 무가야 AA 2026,26500,커피리브레,케냐,워시드 Washed,https://coffeelibre.kr/product/detail.html?product_no=7486&amp;cate_no=56&amp;display_group=1,"품종: SL28, SL34, 루이루11, 바티안 SL28, SL34, Ruiru11, Batian",False,False,False,26.5
311,케냐 무티투 AA 2026,26500,커피리브레,케냐,워시드 Washed,https://coffeelibre.kr/product/detail.html?product_no=7485&amp;cate_no=56&amp;display_group=1,"품종: SL28, SL34, 바티안 SL28, SL34, Batian",False,False,False,26.5
312,케냐 카구모 AA 2026,26500,커피리브레,케냐,워시드 Washed,https://coffeelibre.kr/product/detail.html?product_no=7487&amp;cate_no=56&amp;display_group=1,"품종: SL28, SL34, 루이루11, 바티안 SL28, SL34, Ruiru11, Batian",False,False,False,26.5
313,케냐 카루만디 AA 2026,26500,커피리브레,케냐,워시드 Washed,https://coffeelibre.kr/product/detail.html?product_no=7488&amp;cate_no=56&amp;display_group=1,"품종: SL28, 루이루11 SL28, Ruiru11",False,False,False,26.5
314,케냐 카리미쿠이 AA 2026,26500,커피리브레,케냐,워시드 Washed,https://coffeelibre.kr/product/detail.html?product_no=7481&amp;cate_no=56&amp;display_group=1,"품종: SL28, SL34",False,False,False,26.5
316,케냐 키아무구모 AA 2026,26500,커피리브레,케냐,워시드 Washed,https://coffeelibre.kr/product/detail.html?product_no=7489&amp;cate_no=56&amp;display_group=1,"품종: SL28, SL34",False,False,False,26.5
317,케냐 키앙고이 AA 2026,26500,커피리브레,케냐,워시드 Washed,https://coffeelibre.kr/product/detail.html?product_no=7479&amp;cate_no=56&amp;display_group=1,품종: SL28,False,False,False,26.5
555,콜롬비아 아폰테 카투라 허니,26500,엠아이커피,콜롬비아,Honey,https://www.micoffee.co.kr/goods/goods_view.php?goodsNo=1000007485,품종: Caturra,False,False,False,26.5
156,태국 쿤라오 자룬 아나에어로빅 워시드,26500,에이션빈,태국,무산소 워시드,https://www.asianbean.co.kr/shop/shopdetail.html?branduid=12255351&amp;xcode=008&amp;mcode=003&amp;scode=&amp;type=X&amp;sort=manual&amp;current_category=008&amp;search=&amp;GfDT=bm9%2FW11E,,False,False,False,26.5
1112,메루 사니스 내추럴,26400,세웅지씨,케냐,내추럴,https://www.sewoonggc.com:443/shop/item.php?it_id=1754270105,,False,False,False,26.4
86,케냐 엘곤 AA TOP,26400,알마씨엘로,케냐,,https://www.almacielo.com/shop/detail.php?pno=A368B0DE8B91CFB3F91892FBF1EBD4B2&amp;rURL=https%3A%2F%2Fwww.almacielo.com%2Fcontent%2Fcontent.php%3Fcont%3Dsimpleorder&amp;ctype=1&amp;cno1=,,False,False,False,26.4
1035,26 에티오피아 구지 우라가 라로 G1 워시드,26300,코빈즈커피,에티오피아,워시드,https://www.cobeans.com/shop/detail.php?pno=8E065119C74EFE3A47AEC8796964CF8B,"품종: Dega, Kurume",False,False,False,26.3
1008,◼︎6차 생산분 사전예약◼︎[최대 10kg 구매 가능]26 브라질 코빈즈 인퓨즈드 초코,26300,코빈즈커피,브라질,기타,https://www.cobeans.com/shop/detail.php?pno=C61FBEF63DF5FF317AECDC3670094472,"품종: Catuai, Acaia, Mundo Novo",False,False,False,26.3
1444,◼︎7차 생산분 8월 3일 오후 2시 사전예약◼︎26 브라질 코빈즈 인퓨즈드 초코,26300,코빈즈커피,브라질,기타,https://www.cobeans.com/shop/detail.php?pno=1680E9FA7B4DD5D62ECE800239BB53BD,"품종: Catuai, Acaia, Mundo Novo",False,False,False,26.3
8,과테말라 카보닉 디카페인 SHB EP,26200,알마씨엘로,과테말라,워시드/디카페인 Co2,https://www.almacielo.com/shop/detail.php?pno=076023EDC9187CF1AC1F1163470E479A&amp;rURL=https%3A%2F%2Fwww.almacielo.com%2Fcontent%2Fcontent.php%3Fcont%3Dsimpleorder&amp;ctype=1&amp;cno1=,"품종: CATURRA, BOURBON",False,True,False,26.2
1477,신규입고 Kenya AA Top 'Kagumo' Micro-Lot 케냐 AA TOP '카구모' Micro-Lot,26100,레헴코리아,케냐,워시드,https://rnccoffee.kr/product/detail.html?product_no=8039,"품종: SL-28, SL34, Ruiru 11",False,False,False,26.1
1475,신규입고 Kenya Specialty 'Mungaria' Natural Heavy 케냐 스페셜티 '문가리아' 내추럴 헤비,26100,레헴코리아,케냐,내추럴,https://rnccoffee.kr/product/detail.html?product_no=8041,"품종: SL-28, SL34, Ruiru 11",False,False,False,26.1
290,과테말라 라 벤디시온 2026,26000,커피리브레,과테말라,워시드 Washed,https://coffeelibre.kr/product/detail.html?product_no=7787&amp;cate_no=56&amp;display_group=1,"품종: 부르봉, 카투아이, 카투라 Bourbon, Catuai, Caturra",False,False,False,26.0
291,과테말라 라 타시타 2026,26000,커피리브레,과테말라,워시드 Washed,https://coffeelibre.kr/product/detail.html?product_no=7782&amp;cate_no=56&amp;display_group=1,품종: 부르봉 Bourbon,False,False,False,26.0
292,과테말라 베텔 2026,26000,커피리브레,과테말라,워시드 Washed,https://coffeelibre.kr/product/detail.html?product_no=7786&amp;cate_no=56&amp;display_group=1,"품종: 부르봉, 카투아이, 카투라 Bourbon, Catuai, Caturra",False,False,False,26.0
294,과테말라 엘 세로 2026,26000,커피리브레,과테말라,워시드 Washed,https://coffeelibre.kr/product/detail.html?product_no=7784&amp;cate_no=56&amp;display_group=1,품종: 부르봉 Bourbon,False,False,False,26.0
295,과테말라 엘 템픽스케 2026,26000,커피리브레,과테말라,워시드 Washed,https://coffeelibre.kr/product/detail.html?product_no=7781&amp;cate_no=56&amp;display_group=1,"품종: 카투아이, 카투라 Catuai, Caturra",False,False,False,26.0
296,과테말라 파소 가나도 2026,26000,커피리브레,과테말라,워시드 Washed,https://coffeelibre.kr/product/detail.html?product_no=7785&amp;cate_no=56&amp;display_group=1,품종: 부르봉 Bourbon,False,False,False,26.0
304,에티오피아 예가체프 게뎁 초르소 2026,26000,커피리브레,에티오피아,워시드 Washed,https://coffeelibre.kr/product/detail.html?product_no=7723&amp;cate_no=56&amp;display_group=1,"품종: 74110, 쿠루메 74110, Kurume",False,False,False,26.0
1016,코스타리카 로스 앙헬레스 돈 카이토 2026,26000,커피리브레,코스타리카,화이트 허니 White Honey,https://coffeelibre.kr/product/detail.html?product_no=7873&amp;cate_no=56&amp;display_group=1,품종: 카투아이 Catuai,False,False,False,26.0
71,★세일★ 케냐 키린야가 AA TOP,25900,알마씨엘로,케냐,풀리 워시드,https://www.almacielo.com/shop/detail.php?pno=C559DA2BA967EB820766939A658022C8&amp;rURL=https%3A%2F%2Fwww.almacielo.com%2Fcontent%2Fcontent.php%3Fcont%3Dsimpleorder&amp;ctype=1&amp;cno1=,"품종: SL28, SL34",False,False,False,25.9
336,니카라과 라 피코나 마라카투라 허니,25900,커피리브레,니카라과,허니 Honey,https://coffeelibre.kr/product/detail.html?product_no=6793&amp;cate_no=56&amp;display_group=1,품종: 마라카투라 Maracaturra,False,False,False,25.9
519,브라질 NY2/3 스위스 워터 디카페인,25900,GSC,브라질,SW Decaf,https://www.gsc.coffee/goods/goods_view.php?goodsNo=1000000288,,False,True,False,25.9
708,에티오피아 워카 마르타 알레무 내추럴 G1,25900,로열커피,에티오피아,내추럴,https://royalcoffeekorea.co.kr/goods/goods_view.php?goodsNo=1762,,False,False,False,25.9
85,케냐 니에리 AA TOP,25900,알마씨엘로,케냐,,https://www.almacielo.com/shop/detail.php?pno=1C54985E4F95B7819CA0357C0CB9A09F&amp;rURL=https%3A%2F%2Fwww.almacielo.com%2Fcontent%2Fcontent.php%3Fcont%3Dsimpleorder&amp;ctype=1&amp;cno1=,,False,False,False,25.9
84,케냐 사가나 AA TOP,25900,알마씨엘로,케냐,,https://www.almacielo.com/shop/detail.php?pno=F18A6D1CDE4B205199DE8729A6637B42&amp;rURL=https%3A%2F%2Fwww.almacielo.com%2Fcontent%2Fcontent.php%3Fcont%3Dsimpleorder&amp;ctype=1&amp;cno1=,,False,False,False,25.9
1094,코체레 첼렐렉투 G1 워시드,25900,세웅지씨,에티오피아,워시드,https://www.sewoonggc.com:443/shop/item.php?it_id=1624442381,,False,False,False,25.9
679,코케 G1 내추럴_TROPICAL STRAWBERRY,25900,오로미아,에티오피아,내추럴,https://www.oromia.kr/shop/item.php?it_id=03-K1,,False,False,False,25.9
225,◼︎이벤트◼︎25 에티오피아 시다마 벤사 케라모 G1 워시드,25800,코빈즈커피,에티오피아,워시드,https://www.cobeans.com/shop/detail.php?pno=F542EAE1949358E25D8BFEEFE5B199F1,품종: 74158,False,False,False,25.8
518,과테말라 SHB EP 슈가케인 디카페인,25800,GSC,과테말라,Sugarcane Decaf,https://www.gsc.coffee/goods/goods_view.php?goodsNo=1000001325,,False,True,False,25.8
1095,아바야 게이샤 G1 내추럴 마르,25800,세웅지씨,에티오피아,내추럴,https://www.sewoonggc.com:443/shop/item.php?it_id=1590545190,,False,False,True,25.8
732,콜롬비아 카찰루 산탄데르 마운틴워터 디카페인,25800,로열커피,콜롬비아,워시드,https://royalcoffeekorea.co.kr/goods/goods_view.php?goodsNo=1801,품종: 카투라,False,True,False,25.8
706,에티오피아 조비르 내추럴 G1 COE NSJ,25700,로열커피,에티오피아,내추럴,https://royalcoffeekorea.co.kr/goods/goods_view.php?goodsNo=1609,품종: 기타품종,False,False,False,25.7
707,에티오피아 칼시사 내추럴 G1 COE NSJ,25700,로열커피,에티오피아,내추럴,https://royalcoffeekorea.co.kr/goods/goods_view.php?goodsNo=1608,품종: 기타품종,False,False,False,25.7
1380,파푸아뉴기니 오가닉 마라와카 스위스워터 디카프,25600,세웅지씨,파푸아뉴기니,디카페인,https://www.sewoonggc.com:443/shop/item.php?it_id=1771842579,,False,True,False,25.6
49,★세일★ 콜롬비아 카르페 나랑하 워시드,25500,알마씨엘로,콜롬비아,워시드,https://www.almacielo.com/shop/detail.php?pno=207F88018F72237565570F8A9E5CA240&amp;rURL=https%3A%2F%2Fwww.almacielo.com%2Fcontent%2Fcontent.php%3Fcont%3Dsimpleorder&amp;ctype=1&amp;cno1=,품종: CATURRA / CASTILLO,False,False,False,25.5
485,에티오피아 G1 예가체프 아다도 워시드,25500,GSC,에티오피아,Washed,https://www.gsc.coffee/goods/goods_view.php?goodsNo=1000000349,,False,False,False,25.5
189,콜롬비아 C.G.L.E 톨리마 리오 블랑코 엘 비노 워시드,25500,에이션빈,콜롬비아,워시드,https://www.asianbean.co.kr/shop/shopdetail.html?branduid=12257449&amp;xcode=009&amp;mcode=002&amp;scode=&amp;type=X&amp;sort=manual&amp;current_category=009&amp;search=&amp;GfDT=Z2Z3Ug%3D%3D,,False,False,False,25.5
554,콜롬비아 아폰테 타블론 데 고메즈 카투라 워시드,25500,엠아이커피,콜롬비아,Fully Washed,https://www.micoffee.co.kr/goods/goods_view.php?goodsNo=1000007486,품종: Caturra,False,False,False,25.5
547,콜롬비아 엑셀소 디카페인,25500,엠아이커피,콜롬비아,Mountain Water Process,https://www.micoffee.co.kr/goods/goods_view.php?goodsNo=1000003872,품종: Typica,False,True,False,25.5
759,페루 놀테 마운틴워터 디카페인,25500,로열커피,페루,디카페인,https://royalcoffeekorea.co.kr/goods/goods_view.php?goodsNo=380,"품종: 버번,카투라,기타품종",False,True,False,25.5
7,콜롬비아 카보닉 디카페인 수프리모,25400,알마씨엘로,콜롬비아,워시드/디카페인 Co2,https://www.almacielo.com/shop/detail.php?pno=B710915795B9E9C02CF10D6D2BDB688C&amp;rURL=https%3A%2F%2Fwww.almacielo.com%2Fcontent%2Fcontent.php%3Fcont%3Dsimpleorder&amp;ctype=1&amp;cno1=,"품종: CATURRA, CASTILLO",False,True,False,25.4
931,브라질 세하도 마운틴워터 디카페인,25300,더블유빈,브라질,Mountain Water,https://www.wbeans.com/goods/goods_view.php?goodsNo=1000009835,품종: Mixture,False,True,False,25.3
1100,엑소 Q1 내추럴,25300,세웅지씨,에티오피아,내추럴,https://www.sewoonggc.com:443/shop/item.php?it_id=1485913725,,False,False,False,25.3
731,콜롬비아 메델린 스위스워터 디카페인,25200,로열커피,콜롬비아,디카페인,https://royalcoffeekorea.co.kr/goods/goods_view.php?goodsNo=559,품종: 카투라,False,True,False,25.2
758,페루 프로아싸 마운틴워터 디카페인,25200,로열커피,페루,워시드,https://royalcoffeekorea.co.kr/goods/goods_view.php?goodsNo=1814,품종: 카투라,False,True,False,25.2
494,에티오피아 G1 구지 무제 메시나 워시드,25000,GSC,에티오피아,Washed,https://www.gsc.coffee/goods/goods_view.php?goodsNo=1000001254,,False,False,False,25.0
495,에티오피아 G1 구지 아르소살라 워시드,25000,GSC,에티오피아,Washed,https://www.gsc.coffee/goods/goods_view.php?goodsNo=1000001363,,False,False,False,25.0
1043,에티오피아 G1 리무 게라 워시드,25000,GSC,에티오피아,Washed,https://www.gsc.coffee/goods/goods_view.php?goodsNo=1000001373,,False,False,False,25.0
1044,에티오피아 G1 예가체프 가르가리 구티티 워시드,25000,GSC,에티오피아,Washed,https://www.gsc.coffee/goods/goods_view.php?goodsNo=1000001374,,False,False,False,25.0
481,에티오피아 G1 예가체프 반코 고티티 워시드,25000,GSC,에티오피아,Washed,https://www.gsc.coffee/goods/goods_view.php?goodsNo=1000000532,,False,False,False,25.0
1045,에티오피아 G1 예가체프 아메데라로 콩가 내추럴,25000,GSC,에티오피아,Natural,https://www.gsc.coffee/goods/goods_view.php?goodsNo=1000001372,,False,False,False,25.0
483,에티오피아 G1 예가체프 코케 샬라예 워시드,25000,GSC,에티오피아,Washed,https://www.gsc.coffee/goods/goods_view.php?goodsNo=1000001253,,False,False,False,25.0
484,에티오피아 G1 예가체프 할로 베리티 워시드,25000,GSC,에티오피아,Washed,https://www.gsc.coffee/goods/goods_view.php?goodsNo=1000000894,,False,False,False,25.0
1017,코스타리카 로스 앙헬레스 로스 히라솔레스 2026,25000,커피리브레,코스타리카,화이트 허니 White Honey,https://coffeelibre.kr/product/detail.html?product_no=7872&amp;cate_no=56&amp;display_group=1,품종: 카투아이 Catuai,False,False,False,25.0
1012,코스타리카 로스 앙헬레스 엘 벤다발 2026,25000,커피리브레,코스타리카,화이트 허니 White Honey,https://coffeelibre.kr/product/detail.html?product_no=7871&amp;cate_no=56&amp;display_group=1,품종: 카투아이 Catuai,False,False,False,25.0
1018,코스타리카 베르데 알토 라 몬타냐 2026,25000,커피리브레,코스타리카,풀리 워시드 Fully Washed,https://coffeelibre.kr/product/detail.html?product_no=7876&amp;cate_no=56&amp;display_group=1,품종: 카투라 Caturra,False,False,False,25.0
1019,코스타리카 산타 로사 1900 핀카 마초 2026,25000,커피리브레,코스타리카,화이트 허니 White Honey,https://coffeelibre.kr/product/detail.html?product_no=7881&amp;cate_no=56&amp;display_group=1,품종: 카투아이 Catuai,False,False,False,25.0
1020,코스타리카 산타 테레사 2000 몬타냐 2026,25000,커피리브레,코스타리카,화이트 허니 White Honey,https://coffeelibre.kr/product/detail.html?product_no=7870&amp;cate_no=56&amp;display_group=1,품종: 카투아이 Catuai,False,False,False,25.0
1025,코스타리카 에르마노스 발소 바라 블랑카 2026,25000,커피리브레,코스타리카,화이트 허니 White Honey,https://coffeelibre.kr/product/detail.html?product_no=7864&amp;cate_no=56&amp;display_group=1,품종: 카투아이 Catuai,False,False,False,25.0
1062,Ethiopia Yirgacheffe G1 Koke Honey natural 에티오피아 예가체프 '코케 허니' 내추럴 G1,24900,레헴코리아,에티오피아,허니,https://rnccoffee.kr/product/detail.html?product_no=114,품종: Heirloom Variety,False,False,False,24.9
1478,신규입고 Kenya AB Top 'Gititu' Micro-Lot 케냐 AB TOP '기티투' Micro-Lot,24900,레헴코리아,케냐,워시드,https://rnccoffee.kr/product/detail.html?product_no=8038,"품종: SL-28, SL-34",False,False,False,24.9
26,★세일★ 브라질 리오스 아라라 내추럴 퍼멘티드,24900,알마씨엘로,브라질,내추럴 퍼멘티드,https://www.almacielo.com/shop/detail.php?pno=A981F2B708044D6FB4A71A1463242520&amp;rURL=https%3A%2F%2Fwww.almacielo.com%2Fcontent%2Fcontent.php%3Fcont%3Dsimpleorder&amp;ctype=1&amp;cno1=,품종: CATUAI,False,False,False,24.9
471,부룬디 A 은고지 기헤레 풀리 워시드,24900,GSC,부룬디,Fully Washed,https://www.gsc.coffee/goods/goods_view.php?goodsNo=1000001324,,False,False,False,24.9
1092,아리차 G1 내추럴,24900,세웅지씨,에티오피아,내추럴,https://www.sewoonggc.com:443/shop/item.php?it_id=1751005480,,False,False,False,24.9
1099,코케 허니 G1 내추럴,24900,세웅지씨,에티오피아,허니,https://www.sewoonggc.com:443/shop/item.php?it_id=1547540381,,False,False,False,24.9
757,페루 세칸노르 마운틴워터 디카페인,24900,로열커피,페루,워시드,https://royalcoffeekorea.co.kr/goods/goods_view.php?goodsNo=1813,품종: 카투라,False,True,False,24.9
250,25 케냐 무랑가 탕가이니 AA TOP 워시드,24800,코빈즈커피,케냐,워시드,https://www.cobeans.com/shop/detail.php?pno=008BD5AD93B754D500338C253D9C1770,"품종: Ruiru 11, SL28, SL34",False,False,False,24.8
1472,신규입고 26 에티오피아 오로미아 웨스트 아르시 넨세보 G1 내추럴,24800,코빈즈커피,에티오피아,내추럴,https://www.cobeans.com/shop/detail.php?pno=F2E43FA3400D826DF4195A9AC70DCA62,"품종: 74158, 74110",False,False,False,24.8
661,NA-2634,24800,카페노갈레스,콜롬비아,Washed,https://www.cafenogales.co.kr/product/NA2634-740,품종: Caturra-F6,False,False,False,24.8
223,■이벤트■25 에티오피아 시다마 벤사 가타 G1 허니,24800,코빈즈커피,에티오피아,허니,https://www.cobeans.com/shop/detail.php?pno=07A4E20A7BBEEB7A736682B26B16EBE8,품종: 74158,False,False,False,24.8
224,◼︎이벤트◼︎25 에티오피아 시다마 벤사 가타 G1 워시드 드라이 퍼먼테이션,24800,코빈즈커피,에티오피아,기타,https://www.cobeans.com/shop/detail.php?pno=139F0874F2DED2E41B0393C4AC5644F7,품종: 74158,False,False,False,24.8
87,★세일★ 케냐 카바레 AA TOP,24800,알마씨엘로,케냐,풀리 워시드,https://www.almacielo.com/shop/detail.php?pno=9A4400501FEBB2A95E79248486A5F6D3&amp;rURL=https%3A%2F%2Fwww.almacielo.com%2Fcontent%2Fcontent.php%3Fcont%3Dsimpleorder&amp;ctype=1&amp;cno1=,품종: SL28 SL34 RUIRU11,False,False,False,24.8
2,브라질 세라도 카보닉 디카페인 NY2 FC,24800,알마씨엘로,브라질,내추럴/디카페인Co2,https://www.almacielo.com/shop/detail.php?pno=735B90B4568125ED6C3F678819B6E058&amp;rURL=https%3A%2F%2Fwww.almacielo.com%2Fcontent%2Fcontent.php%3Fcont%3Dsimpleorder&amp;ctype=1&amp;cno1=,품종: CATUAI,False,True,False,24.8
448,온두라스 엘 나랑호 티피카 워시드 · 7월세일,24800,GSC,온두라스,Washed,https://www.gsc.coffee/goods/goods_view.php?goodsNo=1000001144,,False,False,False,24.8
730,콜롬비아 레인보우 내추럴 슈가케인 디카페인,24800,로열커피,콜롬비아,디카페인,https://royalcoffeekorea.co.kr/goods/goods_view.php?goodsNo=906,품종: 카투라,False,True,False,24.8
1207,과테말라 우에우에테낭고 마운틴 워터 프로세스 디카페인,24500,세웅지씨,과테말라,디카페인,https://www.sewoonggc.com:443/shop/item.php?it_id=1621240245,,False,True,False,24.5
1378,마라와카 라기아나,24500,세웅지씨,파푸아뉴기니,,https://www.sewoonggc.com:443/shop/item.php?it_id=1775814199,,False,False,False,24.5
396,브라질 파젠다 엄 옐로우 버번 보인하스 내추럴,24500,GSC,브라질,Natural,https://www.gsc.coffee/goods/goods_view.php?goodsNo=1000001314,,False,False,False,24.5
678,아리차 G1 워시드_ACACIA FLOWER,24500,오로미아,에티오피아,워시드,https://www.oromia.kr/shop/item.php?it_id=02-A,,False,False,False,24.5
147,인도네시아 폴룽 세리부 라자 길링 바사 G1,24500,에이션빈,인도네시아,,https://www.asianbean.co.kr/shop/shopdetail.html?branduid=12258225&amp;xcode=008&amp;mcode=002&amp;scode=&amp;type=X&amp;sort=manual&amp;current_category=008&amp;search=&amp;GfDT=aWd3UA%3D%3D,,False,False,False,24.5
720,코스타리카 돈 오스카,24500,로열커피,코스타리카,워시드,https://royalcoffeekorea.co.kr/goods/goods_view.php?goodsNo=1712,품종: 카투라,False,False,False,24.5
1208,콜롬비아 수프리모 마운틴워터,24500,세웅지씨,콜롬비아,디카페인,https://www.sewoonggc.com:443/shop/item.php?it_id=1614339392,,False,False,False,24.5
550,콜롬비아 엘 노갈 카투라 워시드,24500,엠아이커피,콜롬비아,Fully Washed,https://www.micoffee.co.kr/goods/goods_view.php?goodsNo=1000007391,품종: Caturra,False,False,False,24.5
549,콜롬비아 엘 하르딘 콜롬비아 워시드,24500,엠아이커피,콜롬비아,Fully Washed,https://www.micoffee.co.kr/goods/goods_view.php?goodsNo=1000007388,품종: Colombia,False,False,False,24.5
552,콜롬비아 페르가미노 카투라 워시드,24500,엠아이커피,콜롬비아,Fully Washed,https://www.micoffee.co.kr/goods/goods_view.php?goodsNo=1000007430,품종: Caturra,False,False,False,24.5
209,콜롬비아 후일라 라스 플로레스 x 엘 디비소 아나에어로빅 워시드 EP,24500,에이션빈,콜롬비아,무산소 워시드,https://www.asianbean.co.kr/shop/shopdetail.html?branduid=12256133&amp;xcode=009&amp;mcode=002&amp;scode=&amp;type=X&amp;sort=manual&amp;current_category=009&amp;search=&amp;GfDT=aGp3UF0%3D,,False,False,False,24.5
3,콜롬비아 후일라 슈가케인 디카페인 수프리모,24500,알마씨엘로,콜롬비아,워시드/슈가케인(E.A),https://www.almacielo.com/shop/detail.php?pno=298923C8190045E91288B430794814C4&amp;rURL=https%3A%2F%2Fwww.almacielo.com%2Fcontent%2Fcontent.php%3Fcont%3Dsimpleorder&amp;ctype=1&amp;cno1=,품종: CATURRA / CASTILLO,False,True,False,24.5
704,에티오피아 아흐메드 내추럴 G1 COE NSJ,24400,로열커피,에티오피아,내추럴,https://royalcoffeekorea.co.kr/goods/goods_view.php?goodsNo=1605,품종: 기타품종,False,False,False,24.4
248,25 케냐 니에리 카라티나 AB TOP 워시드,24300,코빈즈커피,케냐,워시드,https://www.cobeans.com/shop/detail.php?pno=06A15EB1C3836723B53E4ABCA8D9B879,"품종: Ruiru11. Batian, SL28",False,False,False,24.3
1125,AA TOP 키야라 517,24300,세웅지씨,케냐,,https://www.sewoonggc.com:443/shop/item.php?it_id=1750327328,,False,False,False,24.3
334,니카라과 라 벤디시온 파카마라,24300,커피리브레,니카라과,워시드 Washed,https://coffeelibre.kr/product/detail.html?product_no=6811&amp;cate_no=56&amp;display_group=1,품종: 파카마라 Pacamara,False,False,False,24.3
354,온두라스 라 출라 파카마라,24300,커피리브레,온두라스,워시드 Washed,https://coffeelibre.kr/product/detail.html?product_no=6897&amp;cate_no=56&amp;display_group=1,품종: 파카마라 Pacamara,False,False,False,24.3
369,온두라스 엘 파이사헤 파카마라,24300,커피리브레,온두라스,워시드 Washed,https://coffeelibre.kr/product/detail.html?product_no=6898&amp;cate_no=56&amp;display_group=1,품종: 파카마라 Pacamara,False,False,False,24.3
6,브라질 카보닉 디카페인 NY2 17/18 FC,24200,알마씨엘로,브라질,내추럴/디카페인Co2,https://www.almacielo.com/shop/detail.php?pno=88A199611AC2B85BD3F76E8EE7E55650&amp;rURL=https%3A%2F%2Fwww.almacielo.com%2Fcontent%2Fcontent.php%3Fcont%3Dsimpleorder&amp;ctype=1&amp;cno1=,품종: CATUAI,False,True,False,24.2
1463,신규입고 에티오피아 고고구 내추럴 구지 G1,24200,알마씨엘로,에티오피아,내추럴,https://www.almacielo.com/shop/detail.php?pno=11D0E6287202FCED83F79975EC59A3A6&amp;rURL=https%3A%2F%2Fwww.almacielo.com%2Fcontent%2Fcontent.php%3Fcont%3Dsimpleorder&amp;ctype=1&amp;cno1=,,False,False,False,24.2
729,콜롬비아 쏠 나시엔테 마운틴워터 디카페인,24200,로열커피,콜롬비아,디카페인,https://royalcoffeekorea.co.kr/goods/goods_view.php?goodsNo=907,품종: 카투라,False,True,False,24.2
1379,파푸아뉴기니 마라와카 스위스워터 디카프,24200,세웅지씨,파푸아뉴기니,디카페인,https://www.sewoonggc.com:443/shop/item.php?it_id=1771843066,,False,True,False,24.2
719,코스타리카 산타 마리아 드 도타,24100,로열커피,코스타리카,에코펄프드,https://royalcoffeekorea.co.kr/goods/goods_view.php?goodsNo=1806,"품종: 카투아이,카투라",False,False,False,24.1
1456,신규입고 -26CROP- 에티오피아 예가체프 겔레나 아바야 게이샤 G1 내추럴 Ethiopia,24000,블레스빈,에티오피아,내추럴 Natural,https://blessbean.co.kr/shop/item.php?it_id=ET-YG1N004,"품종: 쿠루메,월리쇼,다가 Kurume,Wolisho,Daga",False,False,True,24.0
1059,"EthiopiaYirgacheffe G1 Natural ""Abaya Gesha"" 에티오피아 예가체프 내추럴 G1 ""아바야 게이샤""",24000,레헴코리아,에티오피아,워시드,https://rnccoffee.kr/product/detail.html?product_no=4936,품종: Heirloom Gesha,False,False,True,24.0
883,디카페인 콜롬비아 수프리모 EA WATER,24000,더드립,콜롬비아,Washed & Decaffeinated,https://www.thedripmall.com/goods/goods_view.php?goodsNo=1000001616,"품종: Castillo, Colombia, Caturra",False,True,False,24.0
479,에티오피아 G1 예가체프 코체레 워시드,24000,GSC,에티오피아,Washed,https://www.gsc.coffee/goods/goods_view.php?goodsNo=1000000331,,False,False,False,24.0
930,콜롬비아 수프리모 슈가케인 디카페인,24000,더블유빈,콜롬비아,Sugar Cane E.A,https://www.wbeans.com/goods/goods_view.php?goodsNo=1000007592,"품종: Typica, BourbonCaturra",False,True,False,24.0
728,콜롬비아 피탈리토 허니 게이샤,24000,로열커피,콜롬비아,허니,https://royalcoffeekorea.co.kr/goods/goods_view.php?goodsNo=1674,품종: 게이샤,False,False,True,24.0
524,페루 디아만테 커뮤니티 G1 (워시드),24000,커피루트,페루,워시드,https://koffeeroute.com/product/PERU-DiamanteCommunity-W,,False,False,False,24.0
326,페루 라 카타라타,24000,커피리브레,페루,워시드 Washed,https://coffeelibre.kr/product/detail.html?product_no=7440&amp;cate_no=56&amp;display_group=1,품종: 카투라 Caturra,False,False,False,24.0
1124,AA TOP 키야라 819,23900,세웅지씨,케냐,,https://www.sewoonggc.com:443/shop/item.php?it_id=1750327992,,False,False,False,23.9
516,브라질 NY2/3 SC14/16 슈가 케인 디카페인,23900,GSC,브라질,Sugarcane Decaf,https://www.gsc.coffee/goods/goods_view.php?goodsNo=1000001223,,False,True,False,23.9
82,케냐 니에리 PB TOP,23900,알마씨엘로,케냐,,https://www.almacielo.com/shop/detail.php?pno=21FE5B8BA755EEAECE7A450849876228&amp;rURL=https%3A%2F%2Fwww.almacielo.com%2Fcontent%2Fcontent.php%3Fcont%3Dsimpleorder&amp;ctype=1&amp;cno1=,,False,False,False,23.9
83,케냐 차니아 PB TOP,23900,알마씨엘로,케냐,,https://www.almacielo.com/shop/detail.php?pno=F3173935ED8AC4BF073C1BCD63171F8A&amp;rURL=https%3A%2F%2Fwww.almacielo.com%2Fcontent%2Fcontent.php%3Fcont%3Dsimpleorder&amp;ctype=1&amp;cno1=,,False,False,False,23.9
1115,키야라 818,23900,세웅지씨,케냐,,https://www.sewoonggc.com:443/shop/item.php?it_id=1754270060,,False,False,False,23.9
235,◼︎이벤트◼︎25 에티오피아 예가체프 단체 G1 워시드,23800,코빈즈커피,에티오피아,워시드,https://www.cobeans.com/shop/detail.php?pno=73E0F7487B8E5297182C5A711D20BF26,"품종: Kurume, Dega",False,False,False,23.8
688,슈가케인_카우카 포페이안,23800,오로미아,콜롬비아,,https://www.oromia.kr/shop/item.php?it_id=12-LCD,,False,False,False,23.8
1156,카라멜 모카,23800,세웅지씨,브라질,,https://www.sewoonggc.com:443/shop/item.php?it_id=1773922696,,False,False,False,23.8
1111,산타와네 G1 허니,23600,세웅지씨,에티오피아,허니,https://www.sewoonggc.com:443/shop/item.php?it_id=1764826309,,False,False,False,23.6
718,코스타리카 엘 바포르 도타,23600,로열커피,코스타리카,에코펄프드,https://royalcoffeekorea.co.kr/goods/goods_view.php?goodsNo=1805,"품종: 카투아이,카투라",False,False,False,23.6
143,2025 에티오피아 예가체프 첼베사 워시드 G1,23500,에이션빈,에티오피아,워시드,https://www.asianbean.co.kr/shop/shopdetail.html?branduid=12236430&amp;xcode=007&amp;mcode=001&amp;scode=&amp;type=X&amp;sort=manual&amp;current_category=007&amp;search=&amp;GfDT=aWx3UFw%3D,,False,False,False,23.5
981,2025 에티오피아 예가체프 하루스케 내추럴 G1,23500,에이션빈,에티오피아,내추럴,https://www.asianbean.co.kr/shop/shopdetail.html?branduid=12239138&amp;xcode=007&amp;mcode=001&amp;scode=&amp;type=X&amp;sort=manual&amp;current_category=007&amp;search=&amp;GfDT=bmx7W10%3D,,False,False,False,23.5
1126,AA TOP 오로라 316,23500,세웅지씨,케냐,,https://www.sewoonggc.com:443/shop/item.php?it_id=1750327069,,False,False,False,23.5
902,과테말라 블루 아야르자 내추럴,23500,더블유빈,과테말라,Natural,https://www.wbeans.com/goods/goods_view.php?goodsNo=1000009155,"품종: Anacafe 14, PacheSan Ramon",False,False,False,23.5
123,르완다 카욘자 TUK 레드버번 풀리 워시드,23500,에이션빈,르완다,워시드,https://www.asianbean.co.kr/shop/shopdetail.html?branduid=12257443&amp;xcode=007&amp;mcode=004&amp;scode=&amp;type=X&amp;sort=manual&amp;current_category=007&amp;search=&amp;GfDT=bGt3Uw%3D%3D,,False,False,False,23.5
493,에티오피아 G1 구지 고고구 워시드 · 7월세일,23500,GSC,에티오피아,Washed,https://www.gsc.coffee/goods/goods_view.php?goodsNo=1000001364,,False,False,False,23.5
915,에티오피아 시다모 넨세보 G1 워시드,23500,더블유빈,에티오피아,Washed,https://www.wbeans.com/goods/goods_view.php?goodsNo=1000009658,품종: Heirloom,False,False,False,23.5
768,에티오피아 예가체프 '게뎁' G1 워시드,23500,소펙스코리아,에티오피아,Washed,https://sopexkorea.com/product/detail.html?product_no=1164,품종: Mixed Heirloom,False,False,False,23.5
770,에티오피아 예가체프 '첼바' G1 워시드,23500,소펙스코리아,에티오피아,Washed,https://sopexkorea.com/product/detail.html?product_no=1469,품종: Mixed Heirloom,False,False,False,23.5
131,에티오피아 예가체프 이디도 워시드 G1,23500,에이션빈,에티오피아,워시드,https://www.asianbean.co.kr/shop/shopdetail.html?branduid=12252355&amp;xcode=007&amp;mcode=001&amp;scode=&amp;type=X&amp;sort=manual&amp;current_category=007&amp;search=&amp;GfDT=bGt3UFw%3D,,False,False,False,23.5
127,에티오피아 하라르 멜카 발로 골든 빈즈 내추럴 G3,23500,에이션빈,에티오피아,내추럴,https://www.asianbean.co.kr/shop/shopdetail.html?branduid=12256864&amp;xcode=007&amp;mcode=001&amp;scode=&amp;type=X&amp;sort=manual&amp;current_category=007&amp;search=&amp;GfDT=bmt0W1o%3D,,False,False,False,23.5
791,케냐 키린야가 AA Top 워시드,23500,소펙스코리아,케냐,Washed,https://sopexkorea.com/product/detail.html?product_no=1336,"품종: SL28, SL34, Ruiru11",False,False,False,23.5
1129,벤치 마지 게샤 G1 워시드,23400,세웅지씨,에티오피아,워시드,https://www.sewoonggc.com:443/shop/item.php?it_id=1749789335,,False,False,True,23.4
1136,아바야 게이샤 G1 스트로베리 내추럴,23400,세웅지씨,에티오피아,내추럴,https://www.sewoonggc.com:443/shop/item.php?it_id=1638344662,,False,False,True,23.4
1376,지와카 와기밸리 허니,23400,세웅지씨,파푸아뉴기니,허니,https://www.sewoonggc.com:443/shop/item.php?it_id=1776156249,,False,False,False,23.4
1390,지와카 하이랜드 내추럴,23400,세웅지씨,파푸아뉴기니,내추럴,https://www.sewoonggc.com:443/shop/item.php?it_id=1776156841,,False,False,False,23.4
273,25 코스타리카 돈 마요 라스 나시엔테스 레드허니,23300,코빈즈커피,코스타리카,허니,https://www.cobeans.com/shop/detail.php?pno=1E913E1B06EAD0B66E30B6867BF63549,품종: Catuai,False,False,False,23.3
222,◼︎이벤트◼︎25 에티오피아 시다마 벤사 봄베 G1 워시드,23300,코빈즈커피,에티오피아,워시드,https://www.cobeans.com/shop/detail.php?pno=09B15D48A1514D8209B192A8B8F34E48,"품종: 74110, 74112",False,False,False,23.3
139,르완다 가츠보 바호 후무레 레드버번 워시드,23000,에이션빈,르완다,워시드,https://www.asianbean.co.kr/shop/shopdetail.html?branduid=12257444&amp;xcode=007&amp;mcode=004&amp;scode=&amp;type=X&amp;sort=manual&amp;current_category=007&amp;search=&amp;GfDT=aWp3Vw%3D%3D,,False,False,False,23.0
1273,산 이시드로 핑크버본 내추럴,23000,세웅지씨,콜롬비아,내추럴,https://www.sewoonggc.com:443/shop/item.php?it_id=1763103262,,False,False,False,23.0
1366,산타펠리사 옐로우 카투아이 내추럴 1500,23000,세웅지씨,과테말라,내추럴,https://www.sewoonggc.com:443/shop/item.php?it_id=1738815647,,False,False,False,23.0
305,에티오피아 예가체프 코체레 다니초 2026,23000,커피리브레,에티오피아,워시드 Washed,https://coffeelibre.kr/product/detail.html?product_no=7732&amp;cate_no=56&amp;display_group=1,"품종: 에티오피아 토착종, 74110, 74112, 74158 Heirloom Ethiopian, 74110, 74112, 74158",False,False,False,23.0
124,에티오피아 짐마 게라 포레스트 74112 워시드 G1,23000,에이션빈,에티오피아,워시드,https://www.asianbean.co.kr/shop/shopdetail.html?branduid=12256866&amp;xcode=007&amp;mcode=001&amp;scode=&amp;type=X&amp;sort=manual&amp;current_category=007&amp;search=&amp;GfDT=Z2p3Ug%3D%3D,,False,False,False,23.0
213,코스타리카 따라주 토레스 리오스 옐로우 허니 SHB,23000,에이션빈,코스타리카,허니,https://www.asianbean.co.kr/shop/shopdetail.html?branduid=12252357&amp;xcode=010&amp;mcode=002&amp;scode=&amp;type=X&amp;sort=manual&amp;current_category=010&amp;search=&amp;GfDT=bm90W18%3D,,False,False,False,23.0
1352,콜롬비아 슈가케인,23000,세웅지씨,콜롬비아,디카페인,https://www.sewoonggc.com:443/shop/item.php?it_id=1614852889,,False,False,False,23.0
159,태국 매체디 메이제인 셀렉트 워시드,23000,에이션빈,태국,워시드,https://www.asianbean.co.kr/shop/shopdetail.html?branduid=12255352&amp;xcode=008&amp;mcode=003&amp;scode=&amp;type=X&amp;sort=manual&amp;current_category=008&amp;search=&amp;GfDT=aWt3UA%3D%3D,,False,False,False,23.0
331,페루 툴루세,23000,커피리브레,페루,워시드 Washed,https://coffeelibre.kr/product/detail.html?product_no=7439&amp;cate_no=56&amp;display_group=1,품종: 카투라 Caturra,False,False,False,23.0
24,★세일★ 브라질 산타 크루즈 내추럴 퍼멘티드,22900,알마씨엘로,브라질,내추럴 퍼멘티드,https://www.almacielo.com/shop/detail.php?pno=C7AF0926B294E47E52E46CFEBE173F20&amp;rURL=https%3A%2F%2Fwww.almacielo.com%2Fcontent%2Fcontent.php%3Fcont%3Dsimpleorder&amp;ctype=1&amp;cno1=,품종: CATUAI,False,False,False,22.9
1089,아마호로 스페셜티 비룽가 내추럴,22900,세웅지씨,르완다,내추럴,https://www.sewoonggc.com:443/shop/item.php?it_id=1759318217,,False,False,False,22.9
80,케냐 마운트 케냐 PB TOP,22900,알마씨엘로,케냐,,https://www.almacielo.com/shop/detail.php?pno=0771FC6F0F4B1D7D1BB73BBBE14E0E31&amp;rURL=https%3A%2F%2Fwww.almacielo.com%2Fcontent%2Fcontent.php%3Fcont%3Dsimpleorder&amp;ctype=1&amp;cno1=,,False,False,False,22.9
77,케냐 아이히더 AA PLUS (2026),22900,알마씨엘로,케냐,,https://www.almacielo.com/shop/detail.php?pno=158F3069A435B314A80BDCB024F8E422&amp;rURL=https%3A%2F%2Fwww.almacielo.com%2Fcontent%2Fcontent.php%3Fcont%3Dsimpleorder&amp;ctype=1&amp;cno1=,,False,False,False,22.9
79,케냐 아티 PB TOP,22900,알마씨엘로,케냐,,https://www.almacielo.com/shop/detail.php?pno=495DABFD0CA768A3C3ABD672079F48B6&amp;rURL=https%3A%2F%2Fwww.almacielo.com%2Fcontent%2Fcontent.php%3Fcont%3Dsimpleorder&amp;ctype=1&amp;cno1=,,False,False,False,22.9
1,★세일★ 에티오피아 카보닉 디카페인 시다모 G4,22800,알마씨엘로,에티오피아,내추럴/디카페인Co2,https://www.almacielo.com/shop/detail.php?pno=BCB41CCDC4363C6848A1D760F26C28A0&amp;rURL=https%3A%2F%2Fwww.almacielo.com%2Fcontent%2Fcontent.php%3Fcont%3Dsimpleorder&amp;ctype=1&amp;cno1=,품종: HEIRLOOM,False,True,False,22.8
727,콜롬비아 카우카 아섹,22700,로열커피,콜롬비아,워시드,https://royalcoffeekorea.co.kr/goods/goods_view.php?goodsNo=1823,품종: 카투라,False,False,False,22.7
754,페루 세칸노르,22700,로열커피,페루,워시드,https://royalcoffeekorea.co.kr/goods/goods_view.php?goodsNo=1812,품종: 버번,False,False,False,22.7
755,페루 아로마스 델 바예,22700,로열커피,페루,워시드,https://royalcoffeekorea.co.kr/goods/goods_view.php?goodsNo=1680,품종: 카투라,False,False,False,22.7
756,페루 아프로쿠르마,22700,로열커피,페루,워시드,https://royalcoffeekorea.co.kr/goods/goods_view.php?goodsNo=1679,"품종: 버번,카투라",False,False,False,22.7
1118,AA TOP 오로라 396,22600,세웅지씨,케냐,,https://www.sewoonggc.com:443/shop/item.php?it_id=1753433663,,False,False,False,22.6
569,과테말라 엘 소코로 레드 버번,22500,엠아이커피,과테말라,Fully Washed,https://www.micoffee.co.kr/goods/goods_view.php?goodsNo=1000000744,품종: Red Bourbon,False,False,False,22.5
1102,시다모 G4 마운틴워터 디카페인,22500,세웅지씨,에티오피아,디카페인,https://www.sewoonggc.com:443/shop/item.php?it_id=1763129857,,False,True,False,22.5
478,에티오피아 G1 시다모 보나 워시드,22400,GSC,에티오피아,Washed,https://www.gsc.coffee/goods/goods_view.php?goodsNo=1000001300,,False,False,False,22.4
78,케냐 라가티 PB TOP,22400,알마씨엘로,케냐,,https://www.almacielo.com/shop/detail.php?pno=1BC0249A6412EF49B07FE6F62E6DC8DE&amp;rURL=https%3A%2F%2Fwww.almacielo.com%2Fcontent%2Fcontent.php%3Fcont%3Dsimpleorder&amp;ctype=1&amp;cno1=,,False,False,False,22.4
1471,신규입고 26 에티오피아 오로미아 웨스트 아르시 넨세보 G1 워시드,22300,코빈즈커피,에티오피아,워시드,https://www.cobeans.com/shop/detail.php?pno=0B7E926154C1274E8B602FF0D7C133D7,"품종: 74112, 74110",False,False,False,22.3
234,◼︎이벤트◼︎25 에티오피아 예가체프 아제레 G1 워시드,22300,코빈즈커피,에티오피아,워시드,https://www.cobeans.com/shop/detail.php?pno=C91591A8D461C2869B9F535DED3E213E,품종: Heirloom,False,False,False,22.3
1029,★세일★ 브라질 카보닉 디카페인 NY2 FC,22300,알마씨엘로,브라질,내추럴/디카페인Co2,https://www.almacielo.com/shop/detail.php?pno=A0F3601DC682036423013A5D965DB9AA&amp;rURL=https%3A%2F%2Fwww.almacielo.com%2Fcontent%2Fcontent.php%3Fcont%3Dsimpleorder&amp;ctype=1&amp;cno1=,품종: CATUAI,False,True,False,22.3
695,브라질 모지아나 마운틴워터 디카페인,22300,로열커피,브라질,디카페인,https://royalcoffeekorea.co.kr/goods/goods_view.php?goodsNo=1350,품종: 버번,False,True,False,22.3
700,에티오피아 하로 와츄 내추럴 6일 무산소 G1,22300,로열커피,에티오피아,"내추럴,무산소",https://royalcoffeekorea.co.kr/goods/goods_view.php?goodsNo=1738,품종: 기타품종,False,False,False,22.3
1000,페루 카하마르카 쿠테르보 버번 워시드,22300,코빈즈커피,페루,워시드,https://www.cobeans.com/shop/detail.php?pno=ED277964A8959E72A0D987E598DFBE72,품종: Bourbon,False,False,False,22.3
1123,첼바 G1 내추럴,22200,세웅지씨,에티오피아,내추럴,https://www.sewoonggc.com:443/shop/item.php?it_id=1751005793,,False,False,False,22.2
699,에티오피아 첼첼레 내추럴 4일 무산소 G1,22100,로열커피,에티오피아,"내추럴,무산소",https://royalcoffeekorea.co.kr/goods/goods_view.php?goodsNo=1737,품종: 기타품종,False,False,False,22.1
76,케냐 아이히더 AA PLUS (2025),22100,알마씨엘로,케냐,워시드,https://www.almacielo.com/shop/detail.php?pno=46031B3D04DC90994CA317A7C55C4289&amp;rURL=https%3A%2F%2Fwww.almacielo.com%2Fcontent%2Fcontent.php%3Fcont%3Dsimpleorder&amp;ctype=1&amp;cno1=,"품종: SL28, SL34, RUIRU 11",False,False,False,22.1
726,콜롬비아 아스프로티마나 우먼스 프로젝트,22100,로열커피,콜롬비아,워시드,https://royalcoffeekorea.co.kr/goods/goods_view.php?goodsNo=1820,품종: 카스틸요,False,False,False,22.1
753,페루 산 이그나시오 아로마,22100,로열커피,페루,워시드,https://royalcoffeekorea.co.kr/goods/goods_view.php?goodsNo=756,품종: 카투라,False,False,False,22.1
752,페루 솔 카페,22100,로열커피,페루,워시드,https://royalcoffeekorea.co.kr/goods/goods_view.php?goodsNo=1811,품종: 카투라,False,False,False,22.1
1218,브라질 세하도 No.2 파인컵 디카페인,22000,세웅지씨,브라질,디카페인,https://www.sewoonggc.com:443/shop/item.php?it_id=1720520098,,False,True,False,22.0
1368,산타펠리사 블루제이드 풀리 워시드 트리플에이,22000,세웅지씨,과테말라,워시드,https://www.sewoonggc.com:443/shop/item.php?it_id=1738809857,,False,False,False,22.0
129,에티오피아 게뎁 첼베사 베르헤 하고스 내추럴 G2 *8월초 재입고,22000,에이션빈,에티오피아,내추럴,https://www.asianbean.co.kr/shop/shopdetail.html?branduid=12256865&amp;xcode=007&amp;mcode=001&amp;scode=&amp;type=X&amp;sort=manual&amp;current_category=007&amp;search=&amp;GfDT=bmt4W1Q%3D,,False,False,False,22.0
530,에티오피아 구지 우라가 하르수 (워시드),22000,커피루트,에티오피아,워시드,https://koffeeroute.com/product/7cf4e64f-568e-46e0-913a-04b4241f0171,,False,False,False,22.0
306,에티오피아 카파 비타 리브레 셀렉션 2026,22000,커피리브레,에티오피아,워시드 Washed,https://coffeelibre.kr/product/detail.html?product_no=7830&amp;cate_no=56&amp;display_group=1,"품종: 74110, 74165",False,False,False,22.0
586,케냐 니에리 레드 마운틴 AA,22000,엠아이커피,케냐,Fully Washed,https://www.micoffee.co.kr/goods/goods_view.php?goodsNo=1000001732,"품종: SL28, SL34, Ruiru11",False,False,False,22.0
949,케냐 키리냐가 키이 AA TOP 워시드 - 마이크로랏 Kenya,22000,블레스빈,케냐,워시드 Washed,https://blessbean.co.kr/shop/item.php?it_id=KE-KATW002,"품종: SL-28,SL-34",False,False,False,22.0
323,페루 라 샤파 티피카,22000,커피리브레,페루,워시드 Washed,https://coffeelibre.kr/product/detail.html?product_no=7438&amp;cate_no=56&amp;display_group=1,품종: 티피카 Typica,False,False,False,22.0
328,페루 부에노스 아이레스,22000,커피리브레,페루,워시드 Washed,https://coffeelibre.kr/product/detail.html?product_no=7442&amp;cate_no=56&amp;display_group=1,"품종: 카투라, 카투아이, 티피카 Caturra, Catuai, Typica",False,False,False,22.0
444,과테말라 라 에르모사 SHB EP 아카테낭고 마마 카타 워시드,21900,GSC,과테말라,Washed,https://www.gsc.coffee/goods/goods_view.php?goodsNo=1000000733,,False,False,False,21.9
395,브라질 파젠다 엄 보이아 문도노보 내추럴,21900,GSC,브라질,Natural,https://www.gsc.coffee/goods/goods_view.php?goodsNo=1000001209,,False,False,False,21.9
1097,아리차 G1 워시드,21900,세웅지씨,에티오피아,워시드,https://www.sewoonggc.com:443/shop/item.php?it_id=1578360449,,False,False,False,21.9
1103,아마호로 스페셜티 비룽가 워시드,21900,세웅지씨,르완다,워시드,https://www.sewoonggc.com:443/shop/item.php?it_id=1759318380,,False,False,False,21.9
1131,칼리 Q1 워시드 2025,21900,세웅지씨,에티오피아,워시드,https://www.sewoonggc.com:443/shop/item.php?it_id=1749779029,,False,False,False,21.9
211,과테말라 안티구아 핀카 라 에스메랄다 돈 벤하민 옐로우버번 워시드 SHB,21800,에이션빈,과테말라,워시드,https://www.asianbean.co.kr/shop/shopdetail.html?branduid=12258258&amp;xcode=010&amp;mcode=001&amp;scode=&amp;type=X&amp;sort=manual&amp;current_category=010&amp;search=&amp;GfDT=aWh3UA%3D%3D,,False,False,False,21.8
1178,로스 사우세스 에두아르도 아르메로 카투라 워시드,21800,세웅지씨,콜롬비아,워시드,https://www.sewoonggc.com:443/shop/item.php?it_id=1763103162,,False,False,False,21.8
1393,마라와카 블루마운틴 프리미엄,21800,세웅지씨,파푸아뉴기니,,https://www.sewoonggc.com:443/shop/item.php?it_id=1769794709,,False,False,False,21.8
1120,봄베 G1 내추럴,21800,세웅지씨,에티오피아,내추럴,https://www.sewoonggc.com:443/shop/item.php?it_id=1751010554,,False,False,False,21.8
1122,사키소 G1 내추럴,21800,세웅지씨,에티오피아,내추럴,https://www.sewoonggc.com:443/shop/item.php?it_id=1751007746,,False,False,False,21.8
1279,산타펠리사 블루제이드 내추럴,21800,세웅지씨,과테말라,내추럴,https://www.sewoonggc.com:443/shop/item.php?it_id=1762860337,,False,False,False,21.8
698,에티오피아 샤키소 내추럴 3일 무산소 G1,21800,로열커피,에티오피아,"내추럴,무산소",https://royalcoffeekorea.co.kr/goods/goods_view.php?goodsNo=1736,품종: 기타품종,False,False,False,21.8
1377,오카파 풀리워시드,21800,세웅지씨,파푸아뉴기니,워시드,https://www.sewoonggc.com:443/shop/item.php?it_id=1776155566,,False,False,False,21.8
1116,키야라 465 피베리,21800,세웅지씨,케냐,,https://www.sewoonggc.com:443/shop/item.php?it_id=1754270020,,False,False,False,21.8
340,니카라과 베타니아 마라카투라,21600,커피리브레,니카라과,워시드 Washed,https://coffeelibre.kr/product/detail.html?product_no=6797&amp;cate_no=56&amp;display_group=1,품종: 마라카투라 Maracaturra,False,False,False,21.6
214,코스타리카 따라주 코라리죠 워시드 SHB,21600,에이션빈,코스타리카,워시드,https://www.asianbean.co.kr/shop/shopdetail.html?branduid=12252356&amp;xcode=010&amp;mcode=002&amp;scode=&amp;type=X&amp;sort=manual&amp;current_category=010&amp;search=&amp;GfDT=bm53VQ%3D%3D,,False,False,False,21.6
48,콜롬비아 알타몬타나 워시드,21600,알마씨엘로,콜롬비아,워시드,https://www.almacielo.com/shop/detail.php?pno=AFF0A6A4521232970B2C1CF539AD0A19&amp;rURL=https%3A%2F%2Fwww.almacielo.com%2Fcontent%2Fcontent.php%3Fcont%3Dsimpleorder&amp;ctype=1&amp;cno1=,품종: CASTILLO,False,False,False,21.6
491,르완다 AB 이심비 풀리 워시드 · 아울렛,21500,GSC,르완다,Fully Washed,https://www.gsc.coffee/goods/goods_view.php?goodsNo=1000000379,,False,False,False,21.5
457,멕시코 라 라하 카투라 & 가르니카 워시드,21500,GSC,멕시코,Washed,https://www.gsc.coffee/goods/goods_view.php?goodsNo=1000001307,,False,False,False,21.5
146,인도네시아 아체 베너 메리아 무사라 블루 하이브리드 웻훌 G1,21500,에이션빈,인도네시아,,https://www.asianbean.co.kr/shop/shopdetail.html?branduid=12258433&amp;xcode=008&amp;mcode=002&amp;scode=&amp;type=X&amp;sort=manual&amp;current_category=008&amp;search=&amp;GfDT=Zmp3UQ%3D%3D,,False,False,False,21.5
666,HU-25,21400,카페노갈레스,콜롬비아,Washed,https://www.cafenogales.co.kr/product/hu25,품종: 다수 품종 혼합,False,False,False,21.4
1117,오로라 160 피베리,21400,세웅지씨,케냐,,https://www.sewoonggc.com:443/shop/item.php?it_id=1754269993,,False,False,False,21.4
865,콜롬비아 엑셀소 워시드 슈가케인 EA ±99% 디카페인,21400,소펙스코리아,콜롬비아,Washed EA Sugarcane Decaf,https://sopexkorea.com/product/detail.html?product_no=1132,"품종: Typica, Caturra, Castillo, Colombian",False,True,False,21.4
945,케냐 타무 AA TOP 풀리 워시드 - 마이크로랏 Kenya,21300,블레스빈,케냐,풀리 워시드 Fully Washed,https://blessbean.co.kr/shop/item.php?it_id=KE-KATW008,"품종: SL–28, SL-34, Ruiru11, Batian",False,False,False,21.3
751,페루 노란디노,21300,로열커피,페루,워시드,https://royalcoffeekorea.co.kr/goods/goods_view.php?goodsNo=1694,품종: 카투라,False,False,False,21.3
1057,Kenya AA TOP 'Ragati' 케냐 AA TOP '라가티',21200,레헴코리아,케냐,워시드,https://rnccoffee.kr/product/detail.html?product_no=93,"품종: SL-28, SL-34, Ruiru11",False,False,False,21.2
697,에티오피아 빌로야 내추럴 3일 무산소 G1,21200,로열커피,에티오피아,내추럴,https://royalcoffeekorea.co.kr/goods/goods_view.php?goodsNo=1733,품종: 기타품종,False,False,False,21.2
74,케냐 AA PLUS,21200,알마씨엘로,케냐,워시드,https://www.almacielo.com/shop/detail.php?pno=59F51FD6937412B7E56DED1EA2470C25&amp;rURL=https%3A%2F%2Fwww.almacielo.com%2Fcontent%2Fcontent.php%3Fcont%3Dsimpleorder&amp;ctype=1&amp;cno1=,"품종: SL28, SL34, RUIRU11",False,False,False,21.2
1153,플로럴 카라멜라도,21200,세웅지씨,브라질,,https://www.sewoonggc.com:443/shop/item.php?it_id=1773924600,,False,False,False,21.2
70,★세일★ 케냐 티카 PB TOP,21100,알마씨엘로,케냐,풀리 워시드,https://www.almacielo.com/shop/detail.php?pno=FAAFDA66202D234463057972460C04F5&amp;rURL=https%3A%2F%2Fwww.almacielo.com%2Fcontent%2Fcontent.php%3Fcont%3Dsimpleorder&amp;ctype=1&amp;cno1=,"품종: SL28, SL34",False,False,False,21.1
443,과테말라 라 에르모사 SHB EP 돈 발로 워시드,21000,GSC,과테말라,Washed,https://www.gsc.coffee/goods/goods_view.php?goodsNo=1000000837,,False,False,False,21.0
966,과테말라 블루 아야르자 생 로사 비노소 SHB 내추럴 Guatemala,21000,블레스빈,과테말라,내추럴 Natural,https://blessbean.co.kr/shop/item.php?it_id=GT-YSBN001,"품종: 카투아이,아나카페14,버번,산 라몬 Catuai,Anacafe14,Bourbon,San ramon",False,False,False,21.0
293,과테말라 엔트레 볼카네스 2026,21000,커피리브레,과테말라,워시드 Washed,https://coffeelibre.kr/product/detail.html?product_no=7780&amp;cate_no=56&amp;display_group=1,"품종: 부르봉, 카투라 Bourbon, Caturra",False,False,False,21.0
1271,라 아르헨티나 핑크버본 워시드,21000,세웅지씨,콜롬비아,워시드,https://www.sewoonggc.com:443/shop/item.php?it_id=1763103278,,False,False,False,21.0
1176,라 프로비덴시아 세니카페원 워시드,21000,세웅지씨,콜롬비아,워시드,https://www.sewoonggc.com:443/shop/item.php?it_id=1763103275,,False,False,False,21.0
937,에티오피아 시다마 벤사 봄베 에이미 G1 워시드 - 마이크로랏 Ethiopia,21000,블레스빈,에티오피아,워시드 Washed,https://blessbean.co.kr/shop/item.php?it_id=ET-SG1W003,"품종: 74110,71158",False,False,False,21.0
938,에티오피아 예가체프 아리차 에이미 G1 워시드 - 마이크로랏 Ethiopia,21000,블레스빈,에티오피아,워시드 Washed,https://blessbean.co.kr/shop/item.php?it_id=ET-YG1W001,"품종: 74110,74158,74148",False,False,False,21.0
940,에티오피아 웨스트 알씨 넨세보 G1 워시드 Ethiopia,21000,블레스빈,에티오피아,워시드 Washed,https://blessbean.co.kr/shop/item.php?it_id=ET-SG1W004,품종: 에어룸 heirloom,False,False,False,21.0
582,에티오피아 리무 G2 워시드,21000,엠아이커피,에티오피아,Fully Washed,https://www.micoffee.co.kr/goods/goods_view.php?goodsNo=1000007544,품종: Heirloom,False,False,False,21.0
750,페루 라 플로리다,21000,로열커피,페루,워시드,https://royalcoffeekorea.co.kr/goods/goods_view.php?goodsNo=1743,품종: 버번,False,False,False,21.0
509,인도네시아 G1 만델링 TP 바투,20900,GSC,인도네시아,Semi-Washed,https://www.gsc.coffee/goods/goods_view.php?goodsNo=1000000399,,False,False,False,20.9
173,인도네시아 수마트라 케린치 무크리스 내추럴 G1,20900,에이션빈,인도네시아,내추럴,https://www.asianbean.co.kr/shop/shopdetail.html?branduid=12258211&amp;xcode=008&amp;mcode=012&amp;scode=&amp;type=X&amp;sort=manual&amp;current_category=008&amp;search=&amp;GfDT=bWl3WQ%3D%3D,,False,False,False,20.9
177,인도네시아 수마트라 케린치 투미노 내추럴 G1,20900,에이션빈,인도네시아,내추럴,https://www.asianbean.co.kr/shop/shopdetail.html?branduid=12258231&amp;xcode=008&amp;mcode=002&amp;scode=&amp;type=X&amp;sort=manual&amp;current_category=008&amp;search=&amp;GfDT=bW53UQ%3D%3D,,False,False,False,20.9
111,탄자니아 마랑구 PB TOP 킬리만자로,20900,알마씨엘로,탄자니아,,https://www.almacielo.com/shop/detail.php?pno=49AF6C4E558A7569D80EEE2E035E2BD7&amp;rURL=https%3A%2F%2Fwww.almacielo.com%2Fcontent%2Fcontent.php%3Fcont%3Dsimpleorder&amp;ctype=1&amp;cno1=,,False,False,False,20.9
747,파나마 핀카 돈 페페,20900,로열커피,파나마,워시드,https://royalcoffeekorea.co.kr/goods/goods_view.php?goodsNo=1754,품종: 카투아이,False,False,False,20.9
192,25/26 브라질 트로피컬 바이아 루비 아라라 슬로우 드라이 내추럴 No.2,20800,에이션빈,브라질,내추럴,https://www.asianbean.co.kr/shop/shopdetail.html?branduid=12256134&amp;xcode=009&amp;mcode=001&amp;scode=&amp;type=X&amp;sort=manual&amp;current_category=009&amp;search=&amp;GfDT=aWt3Vw%3D%3D,,False,False,False,20.8
81,★세일★ 케냐 예고 가투부 PB TOP,20800,알마씨엘로,케냐,풀리 워시드,https://www.almacielo.com/shop/detail.php?pno=E1696007BE4EEFB81B1A1D39CE48681B&amp;rURL=https%3A%2F%2Fwww.almacielo.com%2Fcontent%2Fcontent.php%3Fcont%3Dsimpleorder&amp;ctype=1&amp;cno1=,품종: SL28 SL34 RUIRU11,False,False,False,20.8
1154,다크 초코 베리,20800,세웅지씨,브라질,,https://www.sewoonggc.com:443/shop/item.php?it_id=1773924208,,False,False,False,20.8
126,에티오피아 게뎁 라레사 워시드 G2,20800,에이션빈,에티오피아,워시드,https://www.asianbean.co.kr/shop/shopdetail.html?branduid=12255358&amp;xcode=007&amp;mcode=001&amp;scode=&amp;type=X&amp;sort=manual&amp;current_category=007&amp;search=&amp;GfDT=a2h3VA%3D%3D,,False,False,False,20.8
287,에티오피아 예가체프 코체레 G2 코빈즈 디카페인,20800,코빈즈커피,에티오피아,디카페인,https://www.cobeans.com/shop/detail.php?pno=250413D2982F1F83AA62A3A323CD2A87,품종: Heirloom,False,True,False,20.8
1110,예가체프 벨로야 G2 프리미엄 워시드,20800,세웅지씨,에티오피아,워시드,https://www.sewoonggc.com:443/shop/item.php?it_id=1775814739,,False,False,False,20.8
515,콜롬비아 포파얀 슈가케인 디카페인 · 7월세일,20800,GSC,콜롬비아,Sugarcane Decaf,https://www.gsc.coffee/goods/goods_view.php?goodsNo=1000000812,,False,True,False,20.8
1050,에티오피아 예가체프 G2 워시드,20700,더블유빈,에티오피아,Washed,https://www.wbeans.com/goods/goods_view.php?goodsNo=1000009588,품종: Heirloom,False,False,False,20.7
1482,신규입고 코스타리카 '티라' 스페셜 리저브 허니 프로세스,20700,소펙스코리아,코스타리카,Honey Process,https://sopexkorea.com/product/detail.html?product_no=1578,"품종: Caturra, Catuai",False,False,False,20.7
5,★세일★ 브라질 산토스 슈가케인 디카페인 NY2 FC,20600,알마씨엘로,브라질,내추럴/슈가케인(E.A),https://www.almacielo.com/shop/detail.php?pno=4E4E53AA080247BC31D0EB4E7AEB07A0&amp;rURL=https%3A%2F%2Fwww.almacielo.com%2Fcontent%2Fcontent.php%3Fcont%3Dsimpleorder&amp;ctype=1&amp;cno1=,품종: RED CATUAI,False,True,False,20.6
122,에티오피아 카파 우시우시 마더트리 워시드 G1,20500,에이션빈,에티오피아,워시드,https://www.asianbean.co.kr/shop/shopdetail.html?branduid=12236884&amp;xcode=007&amp;mcode=001&amp;scode=&amp;type=X&amp;sort=manual&amp;current_category=007&amp;search=&amp;GfDT=aGh3UQ%3D%3D,,False,False,False,20.5
897,콜롬비아 쿤디나마르카 리오네그로 워시드,20500,더블유빈,콜롬비아,Washed,https://www.wbeans.com/goods/goods_view.php?goodsNo=1000009790,품종: CastilloCaturra. Etc,False,False,False,20.5
212,과테말라 시에라 데 라스 미나스 푸마 워시드 SHB,20400,에이션빈,과테말라,워시드,https://www.asianbean.co.kr/shop/shopdetail.html?branduid=12258256&amp;xcode=010&amp;mcode=001&amp;scode=&amp;type=X&amp;sort=manual&amp;current_category=010&amp;search=&amp;GfDT=bGt3Uw%3D%3D,,False,False,False,20.4
1172,베리 초코,20400,세웅지씨,브라질,,https://www.sewoonggc.com:443/shop/item.php?it_id=1769734070,,False,False,False,20.4
155,인도네시아 아체 가자 에스테이트 아텡 슈퍼 길링 바사 G1,20400,에이션빈,인도네시아,,https://www.asianbean.co.kr/shop/shopdetail.html?branduid=12258237&amp;xcode=008&amp;mcode=002&amp;scode=&amp;type=X&amp;sort=manual&amp;current_category=008&amp;search=&amp;GfDT=a2V0,,False,False,False,20.4
1157,카카오 엠버,20400,세웅지씨,브라질,,https://www.sewoonggc.com:443/shop/item.php?it_id=1773920690,,False,False,False,20.4
749,페루 셀바 안디나,20400,로열커피,페루,워시드,https://royalcoffeekorea.co.kr/goods/goods_view.php?goodsNo=1691,품종: 카투라,False,False,False,20.4
1263,후루타 초코 포르치,20400,세웅지씨,브라질,,https://www.sewoonggc.com:443/shop/item.php?it_id=1769733248,,False,False,False,20.4
286,26 콜롬비아 후일라 EA 디카페인,20300,코빈즈커피,콜롬비아,디카페인,https://www.cobeans.com/shop/detail.php?pno=0829424FFA0D3A2547B6C9622C77DE03,품종: Blend,False,True,False,20.3
117,★세일★ 인도네시아 가요 마운틴 G1 TP,20300,알마씨엘로,인도네시아,,https://www.almacielo.com/shop/detail.php?pno=3C1E4BD67169B8153E0047536C9F541E&amp;rURL=https%3A%2F%2Fwww.almacielo.com%2Fcontent%2Fcontent.php%3Fcont%3Dsimpleorder&amp;ctype=1&amp;cno1=,,False,False,False,20.3
1281,산타펠리사 옐로우 카투아이 풀리 워시드 더블 소크 1600,20300,세웅지씨,과테말라,워시드,https://www.sewoonggc.com:443/shop/item.php?it_id=1762859337,,False,False,False,20.3
172,인도네시아 수마트라 케린치 에르나 내추럴 G1 (60kg 한정판매),20300,에이션빈,인도네시아,내추럴,https://www.asianbean.co.kr/shop/shopdetail.html?branduid=12258230&amp;xcode=008&amp;mcode=002&amp;scode=&amp;type=X&amp;sort=manual&amp;current_category=008&amp;search=&amp;GfDT=bm51W1s%3D,,False,False,False,20.3
717,케냐 카리미쿠이 AA,20300,로열커피,케냐,워시드,https://royalcoffeekorea.co.kr/goods/goods_view.php?goodsNo=799,품종: 기타품종,False,False,False,20.3
210,코스타리카 트레스 리오스 엘 파탈릴로 1888 리저브 워시드 SHB EP,20300,에이션빈,코스타리카,워시드,https://www.asianbean.co.kr/shop/shopdetail.html?branduid=12257447&amp;xcode=010&amp;mcode=002&amp;scode=&amp;type=X&amp;sort=manual&amp;current_category=010&amp;search=&amp;GfDT=bmp6W1w%3D,,False,False,False,20.3
1088,킬리만자로 마랑구 키렐레,20300,세웅지씨,탄자니아,,https://www.sewoonggc.com:443/shop/item.php?it_id=1775814475,,False,False,False,20.3
1152,골든 베리,20200,세웅지씨,브라질,,https://www.sewoonggc.com:443/shop/item.php?it_id=1773925075,,False,False,False,20.2
864,브라질 내츄럴 EA ±99% 디카페인,20200,소펙스코리아,브라질,Natural EA Decaf,https://sopexkorea.com/product/detail.html?product_no=1441,"품종: Mundo Novo, Bourbon, Catuai",False,True,False,20.2
1093,스페셜티 움불라,20200,세웅지씨,케냐,,https://www.sewoonggc.com:443/shop/item.php?it_id=1737709330,,False,False,False,20.2
73,케냐 키암부 AA (2026),20200,알마씨엘로,케냐,워시드,https://www.almacielo.com/shop/detail.php?pno=E4DA3B7FBBCE2345D7772B0674A318D5&amp;rURL=https%3A%2F%2Fwww.almacielo.com%2Fcontent%2Fcontent.php%3Fcont%3Dsimpleorder&amp;ctype=1&amp;cno1=,"품종: SL28, SL34, RUIRU 11",False,False,False,20.2
470,페루 SHB EP 찬차마요 · 7월세일,20200,GSC,페루,Washed,https://www.gsc.coffee/goods/goods_view.php?goodsNo=1000000377,,False,False,False,20.2
13,★세일★ 브라질 파젠다 로보 내추럴,20100,알마씨엘로,브라질,내추럴,https://www.almacielo.com/shop/detail.php?pno=4462BF0DDBE0D0DA40E1E828EBEBEB11&amp;rURL=https%3A%2F%2Fwww.almacielo.com%2Fcontent%2Fcontent.php%3Fcont%3Dsimpleorder&amp;ctype=1&amp;cno1=,품종: PARAISO,False,False,False,20.1
1164,디카페인 마운틴워터,20100,세웅지씨,브라질,디카페인,https://www.sewoonggc.com:443/shop/item.php?it_id=1770023503,,False,True,False,20.1
680,시다모 G1 워시드_벤사_JASMIN WINE,20100,오로미아,에티오피아,워시드,https://www.oromia.kr/shop/item.php?it_id=04-S1,,False,False,False,20.1
748,페루 비다 알타,20100,로열커피,페루,워시드,https://royalcoffeekorea.co.kr/goods/goods_view.php?goodsNo=1683,품종: 버번,False,False,False,20.1
1171,로얄 허니,20000,세웅지씨,브라질,허니,https://www.sewoonggc.com:443/shop/item.php?it_id=1769734210,,False,False,False,20.0
1432,브라질 NY2 FC 16up 옐로우 버번 파젠다 산타 알리나 펄프드 내추럴,20000,GSC,브라질,Pulped Natural,https://www.gsc.coffee/goods/goods_view.php?goodsNo=1000000497,,False,False,False,20.0
589,인도 리버데일 SL-9 워시드,20000,엠아이커피,인도,Fully Washed,https://www.micoffee.co.kr/goods/goods_view.php?goodsNo=1000005581,품종: SL-9,False,False,False,20.0
585,케냐 AA,20000,엠아이커피,케냐,Fully Washed,https://www.micoffee.co.kr/goods/goods_view.php?goodsNo=1000000750,"품종: SL28, Ruiru11",False,False,False,20.0
834,콜롬비아 포파얀 라파엘 스페셜 리저브 워시드,20000,소펙스코리아,콜롬비아,Washed,https://sopexkorea.com/product/detail.html?product_no=1218,"품종: Typica, Castillo, Caturra, Colombian",False,False,False,20.0
469,페루 G1 SHB,20000,GSC,페루,Washed,https://www.gsc.coffee/goods/goods_view.php?goodsNo=1000001308,,False,False,False,20.0
979,-디카페인- 콜롬비아 엑셀소 - 슈가케인 Colombia,19900,블레스빈,콜롬비아,슈가케인 Sugarcane,https://blessbean.co.kr/shop/item.php?it_id=DC-COEA001,"품종: 카투라, 카스틸로, 티피카 Caturra, Castillo, Typica",False,True,False,19.9
114,★세일★ 탄자니아 마테루니 PB TOP 킬리만자로,19900,알마씨엘로,탄자니아,,https://www.almacielo.com/shop/detail.php?pno=06A81A4FB98D149F2D31C68828FA6EB2&amp;rURL=https%3A%2F%2Fwww.almacielo.com%2Fcontent%2Fcontent.php%3Fcont%3Dsimpleorder&amp;ctype=1&amp;cno1=,,False,False,False,19.9
1280,산타펠리사 블루제이드 풀리 워시드,19900,세웅지씨,과테말라,워시드,https://www.sewoonggc.com:443/shop/item.php?it_id=1762860197,,False,False,False,19.9
95,에티오피아 시다모 G2 봄베,19900,알마씨엘로,에티오피아,,https://www.almacielo.com/shop/detail.php?pno=10C272D06794D3E5785D5E7C5356E9FF&amp;rURL=https%3A%2F%2Fwww.almacielo.com%2Fcontent%2Fcontent.php%3Fcont%3Dsimpleorder&amp;ctype=1&amp;cno1=,,False,False,False,19.9
96,에티오피아 예가체프 G2 코케,19900,알마씨엘로,에티오피아,,https://www.almacielo.com/shop/detail.php?pno=F670EF5D2D6BDF8F29450A970494DD64&amp;rURL=https%3A%2F%2Fwww.almacielo.com%2Fcontent%2Fcontent.php%3Fcont%3Dsimpleorder&amp;ctype=1&amp;cno1=,,False,False,False,19.9
1105,오로라 207,19900,세웅지씨,케냐,,https://www.sewoonggc.com:443/shop/item.php?it_id=1754269986,,False,False,False,19.9
116,인도네시아 아체가요 G1 TP,19900,알마씨엘로,인도네시아,,https://www.almacielo.com/shop/detail.php?pno=2838023A778DFAECDC212708F721B788&amp;rURL=https%3A%2F%2Fwww.almacielo.com%2Fcontent%2Fcontent.php%3Fcont%3Dsimpleorder&amp;ctype=1&amp;cno1=,,False,False,False,19.9
187,페루 핀카 라 카피야 안데스 블루 티피카 워시드,19900,에이션빈,페루,워시드,https://www.asianbean.co.kr/shop/shopdetail.html?branduid=12258431&amp;xcode=009&amp;mcode=003&amp;scode=&amp;type=X&amp;sort=manual&amp;current_category=009&amp;search=&amp;GfDT=bm55W10%3D,,False,False,False,19.9
978,-디카페인- 브라질 NY2/3 MTGB FC - 마운틴워터 Brazil,19800,블레스빈,브라질,마운틴 워터 Mountain water,https://blessbean.co.kr/shop/item.php?it_id=DC-BRMW001,"품종: 문도노보, 카투아이, 아카이아 Mundo Novo, Catuai, Acaia",False,True,False,19.8
1098,AA FAQ+,19800,세웅지씨,케냐,,https://www.sewoonggc.com:443/shop/item.php?it_id=1570544133,,False,False,False,19.8
665,HU-13,19800,카페노갈레스,콜롬비아,Washed,https://www.cafenogales.co.kr/product/HU-13,품종: 다수 품종 혼합,False,False,False,19.8
12,★세일★ 브라질 파라이소 테라노바 내추럴,19800,알마씨엘로,브라질,내추럴,https://www.almacielo.com/shop/detail.php?pno=806BEAFE154032A5B818E97B4420AD98&amp;rURL=https%3A%2F%2Fwww.almacielo.com%2Fcontent%2Fcontent.php%3Fcont%3Dsimpleorder&amp;ctype=1&amp;cno1=,품종: PARAISO,False,False,False,19.8
1445,나리뇨 라 유니온 슈가케인 디카프,19800,세웅지씨,콜롬비아,,https://www.sewoonggc.com:443/shop/item.php?it_id=1784869325,,False,True,False,19.8
1386,마라와카 블루마운틴,19800,세웅지씨,파푸아뉴기니,,https://www.sewoonggc.com:443/shop/item.php?it_id=1737443707,,False,False,False,19.8
540,에티오피아 구지 함벨라 반티넨카 (내추럴),19800,커피루트,에티오피아,내추럴,https://koffeeroute.com/product/ET_BentiNenka_N,,False,False,False,19.8
355,온두라스 라 호야,19800,커피리브레,온두라스,워시드 Washed,https://coffeelibre.kr/product/detail.html?product_no=7023&amp;cate_no=56&amp;display_group=1,품종: IH90,False,False,False,19.8
366,온두라스 엘 모나르카,19800,커피리브레,온두라스,워시드 Washed,https://coffeelibre.kr/product/detail.html?product_no=7018&amp;cate_no=56&amp;display_group=1,품종: IH90,False,False,False,19.8
373,온두라스 파트리아르카,19800,커피리브레,온두라스,워시드 Washed,https://coffeelibre.kr/product/detail.html?product_no=7019&amp;cate_no=56&amp;display_group=1,품종: IH90,False,False,False,19.8
176,인도네시아 아체 만델링 포레스트 그린 길링 바사 G1,19800,에이션빈,인도네시아,,https://www.asianbean.co.kr/shop/shopdetail.html?branduid=12258239&amp;xcode=008&amp;mcode=002&amp;scode=&amp;type=X&amp;sort=manual&amp;current_category=008&amp;search=&amp;GfDT=bml0W11F,,False,False,False,19.8
1155,초콜릿 무스,19800,세웅지씨,브라질,,https://www.sewoonggc.com:443/shop/item.php?it_id=1773923700,,False,False,False,19.8
1170,카라멜라도,19800,세웅지씨,브라질,,https://www.sewoonggc.com:443/shop/item.php?it_id=1769734505,,False,False,False,19.8
490,케냐 AA FAQ,19800,GSC,케냐,Washed,https://www.gsc.coffee/goods/goods_view.php?goodsNo=1000000360,,False,False,False,19.8
375,케냐 응고라노 AA,19800,커피리브레,케냐,워시드 Washed,https://coffeelibre.kr/product/detail.html?product_no=6284&amp;cate_no=56&amp;display_group=1,"품종: SL28, SL34, 바티안 SL28, SL34, Batian",False,False,False,19.8
376,케냐 카구모 AA,19800,커피리브레,케냐,워시드 Washed,https://coffeelibre.kr/product/detail.html?product_no=6455&amp;cate_no=56&amp;display_group=1,"품종: SL28, SL34, 루이루11, 바티안 SL28, SL34, Ruiru11, Batian",False,False,False,19.8
319,콜롬비아 나리뇨 엘 타블론 레이트 하비스트,19800,커피리브레,콜롬비아,워시드(레이트 하비스트) Washed(Late Harvest),https://coffeelibre.kr/product/detail.html?product_no=7330&amp;cate_no=56&amp;display_group=1,"품종: 카투라, 카스티요 Caturra, Castillo",False,False,False,19.8
185,파푸아뉴기니 콜브란 아루샤 워시드 A,19800,에이션빈,파푸아뉴기니,워시드,https://www.asianbean.co.kr/shop/shopdetail.html?branduid=12246582&amp;xcode=008&amp;mcode=005&amp;scode=&amp;type=X&amp;sort=manual&amp;current_category=008&amp;search=&amp;GfDT=a2d3WQ%3D%3D,,False,False,False,19.8
1051,Kenya AA Plus Othaya 케냐 AA Plus 오타야,19700,레헴코리아,케냐,워시드,https://rnccoffee.kr/product/detail.html?product_no=452,"품종: SL-28, SL34, Ruiru11",False,False,False,19.7
460,니카라과 SHG EP,19700,GSC,니카라과,Washed,https://www.gsc.coffee/goods/goods_view.php?goodsNo=1000000326,,False,False,False,19.7
716,케냐 칸고쵸 AA,19700,로열커피,케냐,워시드,https://royalcoffeekorea.co.kr/goods/goods_view.php?goodsNo=801,품종: 기타품종,False,False,False,19.7
492,탄자니아 AA FAQ 노스,19700,GSC,탄자니아,Washed,https://www.gsc.coffee/goods/goods_view.php?goodsNo=1000000368,,False,False,False,19.7
668,BR-30,19600,카페노갈레스,콜롬비아,Natural,https://www.cafenogales.co.kr/product/BR30,품종: Red Catuai,False,False,False,19.6
75,★세일★ 케냐 마운트 케냐 AA PLUS,19600,알마씨엘로,케냐,풀리 워시드,https://www.almacielo.com/shop/detail.php?pno=42A3964579017F3CB42B26605B9AE8EF&amp;rURL=https%3A%2F%2Fwww.almacielo.com%2Fcontent%2Fcontent.php%3Fcont%3Dsimpleorder&amp;ctype=1&amp;cno1=,"품종: SL28, SL34, RUIRU 11",False,False,False,19.6
94,에티오피아 예가체프 G2 빌로야 코체레,19600,알마씨엘로,에티오피아,,https://www.almacielo.com/shop/detail.php?pno=81C650CAAC28CDEFCE4DE5DDC18BEFA0&amp;rURL=https%3A%2F%2Fwww.almacielo.com%2Fcontent%2Fcontent.php%3Fcont%3Dsimpleorder&amp;ctype=1&amp;cno1=,,False,False,False,19.6
1204,콜롬비아 시에라 네바다 슈가케인,19600,세웅지씨,콜롬비아,디카페인,https://www.sewoonggc.com:443/shop/item.php?it_id=1675761454,,False,False,False,19.6
216,-10.6% 26 콜롬비아 E.A 프로세스 슈거케인 디카페인,19500,에이션빈,콜롬비아,디카페인,https://www.asianbean.co.kr/shop/shopdetail.html?branduid=12252732&amp;xcode=011&amp;mcode=004&amp;scode=&amp;type=X&amp;sort=manual&amp;current_category=011&amp;search=&amp;GfDT=bm91W1w%3D,,False,True,False,19.5
1054,Ethiopia Yirgacheffe G2 Premium 에티오피아 예가체프 G2 프리미엄,19500,레헴코리아,에티오피아,워시드,https://rnccoffee.kr/product/detail.html?product_no=48,품종: Ethiopia heirloom and Typica,False,False,False,19.5
394,브라질 NY2 SC17/18 FC 레드 버번,19500,GSC,브라질,Natural,https://www.gsc.coffee/goods/goods_view.php?goodsNo=1000001335,,False,False,False,19.5
186,브라질 미나스제라이스 코로코로 초콜라다 피베리 옐로우버번 내추럴 NY2/3,19500,에이션빈,브라질,내추럴,https://www.asianbean.co.kr/shop/shopdetail.html?branduid=12258432&amp;xcode=009&amp;mcode=001&amp;scode=&amp;type=X&amp;sort=manual&amp;current_category=009&amp;search=&amp;GfDT=bm9%2BW1w%3D,,False,False,False,19.5
438,엘살바도르 SHG EP,19500,GSC,엘살바도르,Washed,https://www.gsc.coffee/goods/goods_view.php?goodsNo=1000000386,,False,False,False,19.5
578,온두라스 산타로사 SHG,19500,엠아이커피,온두라스,Fully Washed,https://www.micoffee.co.kr/goods/goods_view.php?goodsNo=1000005226,"품종: Catuai, Caturra, Pacas, Bourbon",False,False,False,19.5
507,인도 AA 몬순 말라바,19500,GSC,인도,Monsooned,https://www.gsc.coffee/goods/goods_view.php?goodsNo=1000000963,,False,False,False,19.5
790,케냐 키암부 AA 워시드,19500,소펙스코리아,케냐,Washed,https://sopexkorea.com/product/detail.html?product_no=1330,"품종: SL28, SL34, Ruiru11",False,False,False,19.5
197,콜롬비아 나리뇨 그란호야 수프레모 워시드,19500,에이션빈,콜롬비아,워시드,https://www.asianbean.co.kr/shop/shopdetail.html?branduid=12235668&amp;xcode=009&amp;mcode=002&amp;scode=&amp;type=X&amp;sort=manual&amp;current_category=009&amp;search=&amp;GfDT=bWV8UA%3D%3D,,False,False,False,19.5
113,★세일★ 탄자니아 마웰라 PB TOP 킬리만자로,19400,알마씨엘로,탄자니아,,https://www.almacielo.com/shop/detail.php?pno=5129A5DDCD0DCD755232BAA04C231698&amp;rURL=https%3A%2F%2Fwww.almacielo.com%2Fcontent%2Fcontent.php%3Fcont%3Dsimpleorder&amp;ctype=1&amp;cno1=,,False,False,False,19.4
112,★세일★ 탄자니아 심브웨 PB TOP 킬리만자로,19400,알마씨엘로,탄자니아,,https://www.almacielo.com/shop/detail.php?pno=D72FBBCCD9FE64C3A14F85D225A046F4&amp;rURL=https%3A%2F%2Fwww.almacielo.com%2Fcontent%2Fcontent.php%3Fcont%3Dsimpleorder&amp;ctype=1&amp;cno1=,,False,False,False,19.4
92,에티오피아 시다모 G2 벤사 아일라,19400,알마씨엘로,에티오피아,,https://www.almacielo.com/shop/detail.php?pno=9D2682367C3935DEFCB1F9E247A97C0D&amp;rURL=https%3A%2F%2Fwww.almacielo.com%2Fcontent%2Fcontent.php%3Fcont%3Dsimpleorder&amp;ctype=1&amp;cno1=,,False,False,False,19.4
1375,카르마 가네샤,19400,세웅지씨,인도,,https://www.sewoonggc.com:443/shop/item.php?it_id=1776249515,,False,False,False,19.4
1160,콜롬비아 슈가케인 EA 디카페인 데스카페콜,19400,세웅지씨,콜롬비아,디카페인,https://www.sewoonggc.com:443/shop/item.php?it_id=1771840795,,False,True,False,19.4
1169,퍼펙트 내추럴,19400,세웅지씨,브라질,내추럴,https://www.sewoonggc.com:443/shop/item.php?it_id=1769734700,,False,False,False,19.4
1074,"Guatemala SHB Genuine Antigua ""Pastoral"" 과테말라 제뉴인 안티구아 파스토랄",19300,레헴코리아,과테말라,워시드,https://rnccoffee.kr/product/detail.html?product_no=82,"품종: Caturra, Bourbon",False,False,False,19.3
335,니카라과 라 에스페란사 - 카를로스,19300,커피리브레,니카라과,워시드 Washed,https://coffeelibre.kr/product/detail.html?product_no=6798&amp;cate_no=56&amp;display_group=1,품종: 레드 카투아이 Red Catuai,False,False,False,19.3
337,니카라과 라스 나랑하스,19300,커피리브레,니카라과,워시드 Washed,https://coffeelibre.kr/product/detail.html?product_no=6799&amp;cate_no=56&amp;display_group=1,품종: 레드&옐로우 카투아이 Red&Yellow Catuai,False,False,False,19.3
343,니카라과 오호 데 아구아 모고톤,19300,커피리브레,니카라과,워시드 Washed,https://coffeelibre.kr/product/detail.html?product_no=6774&amp;cate_no=56&amp;display_group=1,품종: 레드 카투아이 Red Catuai,False,False,False,19.3
1430,케냐 바링고 AA 워시드- 마이크로랏 Kenya,19300,블레스빈,케냐,워시드 Washed,https://blessbean.co.kr/shop/item.php?it_id=KE-BAAW001,품종: Ruiru 11,False,False,False,19.3
1053,Kenya Peaberry Plus 'Othaya' 케냐 피베리 Plus '오타야',19200,레헴코리아,케냐,워시드,https://rnccoffee.kr/product/detail.html?product_no=112,"품종: SL-28, SL-34, Ruiru11",False,False,False,19.2
863,에티오피아 내츄럴 EA ±99% 디카페인,19200,소펙스코리아,에티오피아,Natural EA Decaf,https://sopexkorea.com/product/detail.html?product_no=1437,품종: Mixed Heirloom,False,True,False,19.2
72,케냐 키암부 AA (2025),19200,알마씨엘로,케냐,워시드,https://www.almacielo.com/shop/detail.php?pno=6BA3AF5D7B2790E73F0DE32E5C8C1798&amp;rURL=https%3A%2F%2Fwww.almacielo.com%2Fcontent%2Fcontent.php%3Fcont%3Dsimpleorder&amp;ctype=1&amp;cno1=,"품종: SL28, SL34, RUIRU 11",False,False,False,19.2
963,콜롬비아 나리노 콘사카 엑셀소 워시드 Colombia,19200,블레스빈,콜롬비아,워시드 Washed,https://blessbean.co.kr/shop/item.php?it_id=CO-NECW001,"품종: 카스틸로,카투라 Castillo, Caturra",False,False,False,19.2
1183,콜롬비아 슈가케인 EA 디카페인,19200,세웅지씨,콜롬비아,디카페인,https://www.sewoonggc.com:443/shop/item.php?it_id=1759292458,,False,True,False,19.2
42,★세일★ 콜롬비아 엘 탐보 플러스,19100,알마씨엘로,콜롬비아,워시드,https://www.almacielo.com/shop/detail.php?pno=452BF208BF901322968557227B8F6EFE&amp;rURL=https%3A%2F%2Fwww.almacielo.com%2Fcontent%2Fcontent.php%3Fcont%3Dsimpleorder&amp;ctype=1&amp;cno1=,품종: CASTILLO,False,False,False,19.1
108,★세일★ 탄자니아 아이사이소 PB,19100,알마씨엘로,탄자니아,,https://www.almacielo.com/shop/detail.php?pno=7A6A74CBE87BC60030A4BD041DD47B78&amp;rURL=https%3A%2F%2Fwww.almacielo.com%2Fcontent%2Fcontent.php%3Fcont%3Dsimpleorder&amp;ctype=1&amp;cno1=,,False,False,False,19.1
1146,제뉴인 안티구아 라 비야,19100,세웅지씨,과테말라,,https://www.sewoonggc.com:443/shop/item.php?it_id=1779457980,,False,False,False,19.1
789,케냐 키암부 AB 워시드,19100,소펙스코리아,케냐,Washed,https://sopexkorea.com/product/detail.html?product_no=1285,"품종: SL28, SL34, Ruiru11",False,False,False,19.1
995,-26CROP- 에티오피아 예가체프 아리차 G2 워시드 Ethiopia,19000,블레스빈,에티오피아,워시드 Washed,https://blessbean.co.kr/shop/item.php?it_id=ET-YG2W002,"품종: 74110,74158,74148",False,False,False,19.0
1070,ColombiaCauca Supremo Popayan Paez 콜롬비아 카우카 수프리모 포파얀 파에즈,19000,레헴코리아,콜롬비아,워시드,https://rnccoffee.kr/product/detail.html?product_no=957,"품종: Caturra, Typica, Colombia",False,False,False,19.0
664,HU-10,19000,카페노갈레스,콜롬비아,Washed,https://www.cafenogales.co.kr/product/hu10,품종: 다수 품종 혼합,False,False,False,19.0
1078,Indonesia Flores G1 'Komodo Dragon' 인도네시아 플로레스 코모도 드래곤,19000,레헴코리아,인도네시아,,https://rnccoffee.kr/product/detail.html?product_no=79,"품종: S795, Catimor, Timor Hybrid, Typica",False,False,False,19.0
670,PN-01,19000,카페노갈레스,콜롬비아,Pulped Natural,https://www.cafenogales.co.kr/product/PN-01,품종: Cobra,False,False,False,19.0
37,★세일★ 콜롬비아 엘 보스케 워시드,19000,알마씨엘로,콜롬비아,워시드,https://www.almacielo.com/shop/detail.php?pno=C88D8D0A6097754525E02C2246D8D27F&amp;rURL=https%3A%2F%2Fwww.almacielo.com%2Fcontent%2Fcontent.php%3Fcont%3Dsimpleorder&amp;ctype=1&amp;cno1=,품종: CASTILLO,False,False,False,19.0
924,르완다 이심비 워시드,19000,더블유빈,르완다,Washed,https://www.wbeans.com/goods/goods_view.php?goodsNo=1000009661,"품종: Bourbon, Typica",False,False,False,19.0
545,브라질 산타루시아 펄프드 내추럴,19000,엠아이커피,브라질,Pulped Natural,https://www.micoffee.co.kr/goods/goods_view.php?goodsNo=1000000720,품종: Yellow Bourbon,False,False,False,19.0
580,에티오피아 시다모 G2,19000,엠아이커피,에티오피아,Fully Washed,https://www.micoffee.co.kr/goods/goods_view.php?goodsNo=1000000728,품종: Heirloom,False,False,False,19.0
851,코스타리카 따라쥬 파스토라 SHB EP 워시드,19000,소펙스코리아,코스타리카,Washed,https://sopexkorea.com/product/detail.html?product_no=947,"품종: Caturra, Catuai",False,False,False,19.0
923,탄자니아 킬리만자로 AA FAQ NORTH 워시드,19000,더블유빈,탄자니아,Washed,https://www.wbeans.com/goods/goods_view.php?goodsNo=1000007582,"품종: Bourbon, Kent",False,False,False,19.0
1081,Indonesia Blue mandheling G1 TP 인도네시아 블루 만델링 G1 TP,18900,레헴코리아,인도네시아,웻헐드,https://rnccoffee.kr/product/detail.html?product_no=58,"품종: S795, Sigara Rutang",False,False,False,18.9
1072,NicaraguaSHG EP Finca San ramon 니카라과 SHG EP 핀카 산 라몬,18900,레헴코리아,니카라과,워시드,https://rnccoffee.kr/product/detail.html?product_no=162,"품종: Caturra, Bourbon",False,False,False,18.9
182,동티모르 레누마타 야마모토 티피카 마이크로랏 워시드,18900,에이션빈,동티모르,워시드,https://www.asianbean.co.kr/shop/shopdetail.html?branduid=12256859&amp;xcode=008&amp;mcode=011&amp;scode=&amp;type=X&amp;sort=manual&amp;current_category=008&amp;search=&amp;GfDT=bmt4W1k%3D,,False,False,False,18.9
196,브라질 파젠다 비스타알레그레 파인애플허니 내추럴 No.2,18900,에이션빈,브라질,허니,https://www.asianbean.co.kr/shop/shopdetail.html?branduid=12249234&amp;xcode=009&amp;mcode=001&amp;scode=&amp;type=X&amp;sort=manual&amp;current_category=009&amp;search=&amp;GfDT=bm1%2BW11E,,False,False,False,18.9
91,에티오피아 예가체프 G2 ※8월말 재입고 예정,18900,알마씨엘로,에티오피아,,https://www.almacielo.com/shop/detail.php?pno=C3C59E5F8B3E9753913F4D435B53C308&amp;rURL=https%3A%2F%2Fwww.almacielo.com%2Fcontent%2Fcontent.php%3Fcont%3Dsimpleorder&amp;ctype=1&amp;cno1=,,False,False,False,18.9
360,온두라스 몬테시요스,18900,커피리브레,온두라스,워시드 Washed,https://coffeelibre.kr/product/detail.html?product_no=6852&amp;cate_no=56&amp;display_group=1,품종: 부르봉 Bourbon,False,False,False,18.9
361,온두라스 바냐데로스,18900,커피리브레,온두라스,워시드 Washed,https://coffeelibre.kr/product/detail.html?product_no=7033&amp;cate_no=56&amp;display_group=1,품종: 카투아이 Catuai,False,False,False,18.9
370,온두라스 오스만투스,18900,커피리브레,온두라스,워시드 Washed,https://coffeelibre.kr/product/detail.html?product_no=6840&amp;cate_no=56&amp;display_group=1,품종: IH90,False,False,False,18.9
683,AA PLUS 워시드_니에리_Red Soil Mt,18800,오로미아,케냐,워시드,https://www.oromia.kr/shop/item.php?it_id=07-AA,,False,False,False,18.8
1010,에티오피아 리무 순투 내추럴 리브레 셀렉션 2026,18800,커피리브레,에티오피아,내추럴 Natural,https://coffeelibre.kr/product/detail.html?product_no=7831&amp;cate_no=56&amp;display_group=1,"품종: 74110, 74165",False,False,False,18.8
539,에티오피아 예가체프 할로G2 (워시드),18800,커피루트,에티오피아,워시드,https://koffeeroute.com/product/ET_Halo_g2,,False,False,False,18.8
506,인도 마이소르너겟 엑스트라 볼드 · 7월세일,18800,GSC,인도,Washed,https://www.gsc.coffee/goods/goods_view.php?goodsNo=1000001077,,False,False,False,18.8
489,케냐 AB · 7월세일,18800,GSC,케냐,Washed,https://www.gsc.coffee/goods/goods_view.php?goodsNo=1000001140,,False,False,False,18.8
47,콜롬비아 핀카 프리오 워시드 수프리모,18800,알마씨엘로,콜롬비아,워시드,https://www.almacielo.com/shop/detail.php?pno=55C567FD4395ECEF6D936CF77B8D5B2B&amp;rURL=https%3A%2F%2Fwww.almacielo.com%2Fcontent%2Fcontent.php%3Fcont%3Dsimpleorder&amp;ctype=1&amp;cno1=,품종: CATURRA / CASTILLO,False,False,False,18.8
461,파나마 라 산타 워시드,18800,GSC,파나마,Washed,https://www.gsc.coffee/goods/goods_view.php?goodsNo=1000001294,,False,False,False,18.8
1459,신규입고 Colombia Tolima Supremo 'Reina' 17/18 콜롬비아 토리마 수프리모 레이나17/18,18700,레헴코리아,콜롬비아,워시드,https://rnccoffee.kr/product/detail.html?product_no=32,"품종: Caturra, Typica, Colombia",False,False,False,18.7
1071,"El Salvador SHG ""Cooperativa Cuzcachapa"" 엘살바도르 SHG 쿠페라티바 쿠스카차파",18700,레헴코리아,엘살바도르,워시드,https://rnccoffee.kr/product/detail.html?product_no=7927,"품종: Bourbon, Pacas",False,False,False,18.7
338,니카라과 라스 마리아스 라스 골론드리나스,18700,커피리브레,니카라과,워시드 Washed,https://coffeelibre.kr/product/detail.html?product_no=6801&amp;cate_no=56&amp;display_group=1,"품종: 카투라, 카투아이 Caturra, Catuai",False,False,False,18.7
344,니카라과 플로르 아술,18700,커피리브레,니카라과,워시드 Washed,https://coffeelibre.kr/product/detail.html?product_no=6800&amp;cate_no=56&amp;display_group=1,품종: 카투라 Caturra,False,False,False,18.7
393,브라질 NY2 FC SC16UP 파젠다 카르모 에스테이트 내추럴 BSCA Certified,18700,GSC,브라질,Natural,https://www.gsc.coffee/goods/goods_view.php?goodsNo=1000000658,,False,False,False,18.7
64,★세일★ 과테말라 라 글로리아 SHB,18600,알마씨엘로,과테말라,워시드,https://www.almacielo.com/shop/detail.php?pno=158FC2DDD52EC2CF54D3C161F2DD6517&amp;rURL=https%3A%2F%2Fwww.almacielo.com%2Fcontent%2Fcontent.php%3Fcont%3Dsimpleorder&amp;ctype=1&amp;cno1=,"품종: BOURBON, CATURRA, CATUAI",False,False,False,18.6
845,과테말라 제뉴인 안티구아 파스토랄 SHB 워시드,18600,소펙스코리아,과테말라,Washed,https://sopexkorea.com/product/detail.html?product_no=921,"품종: Bourbon, Typica, Pache Comun",False,False,False,18.6
1104,벤사 G3 내추럴,18600,세웅지씨,에티오피아,내추럴,https://www.sewoonggc.com:443/shop/item.php?it_id=1757400204,,False,False,False,18.6
22,브라질 로메로 펄프드 내추럴 NY2 FC,18600,알마씨엘로,브라질,펄프드 내추럴,https://www.almacielo.com/shop/detail.php?pno=FC490CA45C00B1249BBE3554A4FDF6FB&amp;rURL=https%3A%2F%2Fwww.almacielo.com%2Fcontent%2Fcontent.php%3Fcont%3Dsimpleorder&amp;ctype=1&amp;cno1=,품종: RED CATUAI,False,False,False,18.6
19,브라질 술데미나스 펄프드 내추럴 NY2 FC,18600,알마씨엘로,브라질,펄프드 내추럴,https://www.almacielo.com/shop/detail.php?pno=013D407166EC4FA56EB1E1F8CBE183B9&amp;rURL=https%3A%2F%2Fwww.almacielo.com%2Fcontent%2Fcontent.php%3Fcont%3Dsimpleorder&amp;ctype=1&amp;cno1=,품종: RED CATUAI,False,False,False,18.6
23,브라질 씨에라 옐로우 버번 내추럴 NY2 FC,18600,알마씨엘로,브라질,내추럴,https://www.almacielo.com/shop/detail.php?pno=A4A042CF4FD6BFB47701CBC8A1653ADA&amp;rURL=https%3A%2F%2Fwww.almacielo.com%2Fcontent%2Fcontent.php%3Fcont%3Dsimpleorder&amp;ctype=1&amp;cno1=,품종: YELLOW BOURBON,False,False,False,18.6
1139,시다모 벤사 G2 워시드,18600,세웅지씨,에티오피아,워시드,https://www.sewoonggc.com:443/shop/item.php?it_id=1749789800,,False,False,False,18.6
1138,시다모 아르베고나 G2 워시드,18600,세웅지씨,에티오피아,워시드,https://www.sewoonggc.com:443/shop/item.php?it_id=1749790036,,False,False,False,18.6
362,온두라스 산타 루시아 파라이네마,18600,커피리브레,온두라스,워시드 Washed,https://coffeelibre.kr/product/detail.html?product_no=6548&amp;cate_no=56&amp;display_group=1,품종: 파라이네마 Parainema,False,False,False,18.6
363,온두라스 알타미라 파라이네마,18600,커피리브레,온두라스,워시드 Washed,https://coffeelibre.kr/product/detail.html?product_no=6544&amp;cate_no=56&amp;display_group=1,품종: 파라이네마 Parainema,False,False,False,18.6
365,온두라스 엘 나랑호 - 호세 파라이네마,18600,커피리브레,온두라스,워시드 Washed,https://coffeelibre.kr/product/detail.html?product_no=6545&amp;cate_no=56&amp;display_group=1,품종: 파라이네마 Parainema,False,False,False,18.6
374,온두라스 호스틴 파라이네마,18600,커피리브레,온두라스,워시드 Washed,https://coffeelibre.kr/product/detail.html?product_no=6538&amp;cate_no=56&amp;display_group=1,품종: 파라이네마 Parainema,False,False,False,18.6
194,25/26 브라질 파젠다 벨라비스타 이사벨라레이스 아마렐로 버번 펄프드 내추럴,18500,에이션빈,브라질,펄프드 내추럴,https://www.asianbean.co.kr/shop/shopdetail.html?branduid=12235657&amp;xcode=009&amp;mcode=001&amp;scode=&amp;type=X&amp;sort=manual&amp;current_category=009&amp;search=&amp;GfDT=bm1%2BW1Q%3D,,False,False,False,18.5
1076,"Costa Rica SHB Tarrazu ""Las Trojas Superior""코스타리카 SHB 따라주 라스 트로하스 슈페리어",18500,레헴코리아,코스타리카,워시드,https://rnccoffee.kr/product/detail.html?product_no=91,"품종: Catura, Catuai",False,False,False,18.5
1356,SHB 제뉴인 안티구아 라 비야,18500,세웅지씨,과테말라,,https://www.sewoonggc.com:443/shop/item.php?it_id=1484110061,,False,False,False,18.5
882,과테말라 라구나 데 아야르자 SHB,18500,더드립,과테말라,Washed,https://www.thedripmall.com/goods/goods_view.php?goodsNo=1000001236,"품종: Catuai, Caturra, Bourbon, Pache",False,False,False,18.5
844,과테말라 아카테낭고 SHB EP 팬시,18500,소펙스코리아,과테말라,Washed,https://sopexkorea.com/product/detail.html?product_no=230,"품종: Bourbon, Catuai, Caturra, Pache, Typica",False,False,False,18.5
1388,만델링 G1 TP,18500,세웅지씨,인도네시아,,https://www.sewoonggc.com:443/shop/item.php?it_id=1658826055,,False,False,False,18.5
475,에티오피아 G2 시다모 워시드,18500,GSC,에티오피아,Washed,https://www.gsc.coffee/goods/goods_view.php?goodsNo=1000000333,,False,False,False,18.5
476,에티오피아 G2 예가체프 워시드,18500,GSC,에티오피아,Washed,https://www.gsc.coffee/goods/goods_view.php?goodsNo=1000000329,,False,False,False,18.5
914,에티오피아 시다모 구지 G2 워시드,18500,더블유빈,에티오피아,Washed,https://www.wbeans.com/goods/goods_view.php?goodsNo=1000010004,품종: Heirloom,False,False,False,18.5
283,인도네시아 브네르 므리아 케이빈즈 G1 웻헐,18500,코빈즈커피,인도네시아,기타,https://www.cobeans.com/shop/detail.php?pno=E74C0D42B4433905293AAB661FCF8DDB,"품종: Catimor, Tim Tim, Bourbon",False,False,False,18.5
1431,케냐 바링고 AB 워시드 - 마이크로랏 Kenya,18500,블레스빈,케냐,워시드 Washed,https://blessbean.co.kr/shop/item.php?it_id=KE-BABW001,품종: Ruiru 11,False,False,False,18.5
154,파푸아뉴기니 머드맨 커피 워시드 A,18500,에이션빈,파푸아뉴기니,워시드,https://www.asianbean.co.kr/shop/shopdetail.html?branduid=12255356&amp;xcode=008&amp;mcode=005&amp;scode=&amp;type=X&amp;sort=manual&amp;current_category=008&amp;search=&amp;GfDT=Z2p3WQ%3D%3D,,False,False,False,18.5
160,파푸아뉴기니 지와카 윌튼 에스테이트 통갑 워시드 A,18500,에이션빈,파푸아뉴기니,워시드,https://www.asianbean.co.kr/shop/shopdetail.html?branduid=12255355&amp;xcode=008&amp;mcode=005&amp;scode=&amp;type=X&amp;sort=manual&amp;current_category=008&amp;search=&amp;GfDT=am53Uw%3D%3D,,False,False,False,18.5
1236,SHB 따라주 팬시 프리메라,18400,세웅지씨,코스타리카,,https://www.sewoonggc.com:443/shop/item.php?it_id=1595485521,,False,False,False,18.4
1107,아미초 허니 G1 함벨라,18400,세웅지씨,에티오피아,허니,https://www.sewoonggc.com:443/shop/item.php?it_id=1737708789,,False,False,False,18.4
246,25 에티오피아 오로미아 이스트 하라르 G3 내추럴,18300,코빈즈커피,에티오피아,내추럴,https://www.cobeans.com/shop/detail.php?pno=F442D33FA06832082290AD8544A8DA27,품종: Heirloom,False,False,False,18.3
221,26 에티오피아 시다마 벤사 G2 TOP 워시드,18300,코빈즈커피,에티오피아,워시드,https://www.cobeans.com/shop/detail.php?pno=155FA09596C7E18E50B58EB7E0C6CCB4,품종: Heirloom,False,False,False,18.3
233,26 에티오피아 예가체프 G2 TOP 워시드,18300,코빈즈커피,에티오피아,워시드,https://www.cobeans.com/shop/detail.php?pno=F0BBAC6FA079F1E00B2C14C1D3C6CCF0,품종: Heirloom,False,False,False,18.3
63,★세일★ 과테말라 안티구아 SHB 필라델피아,18300,알마씨엘로,과테말라,워시드,https://www.almacielo.com/shop/detail.php?pno=903CE9225FCA3E988C2AF215D4E544D3&amp;rURL=https%3A%2F%2Fwww.almacielo.com%2Fcontent%2Fcontent.php%3Fcont%3Dsimpleorder&amp;ctype=1&amp;cno1=,품종: CATURRA BOURBON,False,False,False,18.3
115,★세일★ 인도네시아 만델링G1 TP,18300,알마씨엘로,인도네시아,,https://www.almacielo.com/shop/detail.php?pno=9A1158154DFA42CADDBD0694A4E9BDC8&amp;rURL=https%3A%2F%2Fwww.almacielo.com%2Fcontent%2Fcontent.php%3Fcont%3Dsimpleorder&amp;ctype=1&amp;cno1=,,False,False,False,18.3
391,브라질 NY2 FC 17/18 세하도 노바 펄프드 내추럴,18300,GSC,브라질,Pulped Natural,https://www.gsc.coffee/goods/goods_view.php?goodsNo=1000000689,,False,False,False,18.3
392,브라질 NY2 FC 17/18 에포카 스페셜 내추럴 BSCA certified,18300,GSC,브라질,Natural,https://www.gsc.coffee/goods/goods_view.php?goodsNo=1000000931,,False,False,False,18.3
537,인도네시아 수마트라 가요 부르니 뗄롱 (웻-헐),18300,커피루트,인도네시아,웻-헐,https://koffeeroute.com/product/Indonesia_Wet-hulled,,False,False,False,18.3
669,AWG-01,18200,카페노갈레스,콜롬비아,Washed,https://www.cafenogales.co.kr/product/AWG01,품종: 다수 품종 혼합,False,False,False,18.2
1052,Kenya AB Nyeri 케냐 AB 니에리,18200,레헴코리아,케냐,워시드,https://rnccoffee.kr/product/detail.html?product_no=116,"품종: SL-28, SL-34",False,False,False,18.2
1055,TanzaniaNorth AA Kilimanjaro 탄자니아 노스 AA 킬리만자로,18200,레헴코리아,탄자니아,워시드,https://rnccoffee.kr/product/detail.html?product_no=55,"품종: Bourbon, Typica, Kents",False,False,False,18.2
21,브라질 스칼렛 레드버번 내추럴 NY2 FC,18200,알마씨엘로,브라질,내추럴,https://www.almacielo.com/shop/detail.php?pno=F337D999D9AD116A7B4F3D409FCC6480&amp;rURL=https%3A%2F%2Fwww.almacielo.com%2Fcontent%2Fcontent.php%3Fcont%3Dsimpleorder&amp;ctype=1&amp;cno1=,품종: RED BOURBON,False,False,False,18.2
1119,예가체프 G2 프리미엄 워시드,18200,세웅지씨,에티오피아,워시드,https://www.sewoonggc.com:443/shop/item.php?it_id=1751265785,,False,False,False,18.2
1060,EthiopiaYirgacheffe 'Gedeb' washed G1 에티오피아 예가체프 '게뎁' 워시드G1,18100,레헴코리아,에티오피아,워시드,https://rnccoffee.kr/product/detail.html?product_no=3466,품종: Heirloom,False,False,False,18.1
41,★세일★ 콜롬비아 엘 타보르 워시드,18100,알마씨엘로,콜롬비아,워시드,https://www.almacielo.com/shop/detail.php?pno=35464C848F410E55A13BB9D78E7FDDD0&amp;rURL=https%3A%2F%2Fwww.almacielo.com%2Fcontent%2Fcontent.php%3Fcont%3Dsimpleorder&amp;ctype=1&amp;cno1=,품종: CASTILLO,False,False,False,18.1
663,HU-01,18000,카페노갈레스,콜롬비아,Washed,https://www.cafenogales.co.kr/product/81d30eba-HU01,품종: 다수 품종 혼합,False,False,False,18.0
93,★세일★ 에티오피아 예가체프 G2 띠에라,18000,알마씨엘로,에티오피아,,https://www.almacielo.com/shop/detail.php?pno=35F4A8D465E6E1EDC05F3D8AB658C551&amp;rURL=https%3A%2F%2Fwww.almacielo.com%2Fcontent%2Fcontent.php%3Fcont%3Dsimpleorder&amp;ctype=1&amp;cno1=,,False,False,False,18.0
60,과테말라 산타 아나 SHB,18000,알마씨엘로,과테말라,워시드,https://www.almacielo.com/shop/detail.php?pno=B0F2AD44D26E1A6F244201FE0FD864D1&amp;rURL=https%3A%2F%2Fwww.almacielo.com%2Fcontent%2Fcontent.php%3Fcont%3Dsimpleorder&amp;ctype=1&amp;cno1=,"품종: BOURBON, CATURRA, CATUAI",False,False,False,18.0
965,과테말라 안티구아 라 글로리아 SHB 워시드 Guatemala,18000,블레스빈,과테말라,워시드 Washed,https://blessbean.co.kr/shop/item.php?it_id=GT-ASBW001,"품종: 버번, 파카스 Bourbon, Pacas",False,False,False,18.0
1446,과테말라 우에우에테낭고 킨 워시드,18000,엠아이커피,과테말라,Fully Washed,https://www.micoffee.co.kr/goods/goods_view.php?goodsNo=1000007573,"품종: Bourbon, Caturra, Typica",False,False,False,18.0
1480,신규입고 디카페인 브라질 슈가케인 EA,18000,레헴코리아,브라질,디카페인,https://rnccoffee.kr/product/detail.html?product_no=8035,"품종: Mundo Novo, Catuai",False,True,False,18.0
1481,신규입고 디카페인 슈가케인 EA 콜롬비아 커피,18000,레헴코리아,콜롬비아,디카페인,https://rnccoffee.kr/product/detail.html?product_no=8034,"품종: Bourbon, Typica, Colombia",False,True,False,18.0
1041,디카페인 콜롬비아 엑셀소 EA Water,18000,더드립,콜롬비아,Washed & Decaffeinated,https://www.thedripmall.com/goods/goods_view.php?goodsNo=1000002826,"품종: Castillo, Colombia, Caturra",False,True,False,18.0
299,르완다 부산제,18000,커피리브레,르완다,워시드 Washed,https://coffeelibre.kr/product/detail.html?product_no=7181&amp;cate_no=56&amp;display_group=1,품종: 부르봉 Bourbon,False,False,False,18.0
868,브라질 그란자 송 프란시스코 YB N (BSCA),18000,더드립,브라질,Natural,https://www.thedripmall.com/goods/goods_view.php?goodsNo=1000001581,품종: Yellow Bourbon,False,False,False,18.0
879,브라질 그란자 송 프란시스코 YB PN (BSCA),18000,더드립,브라질,Pulped Natural,https://www.thedripmall.com/goods/goods_view.php?goodsNo=1000002278,품종: Yellow Bourbon,False,False,False,18.0
544,브라질 세하도 14/16 NY2 FC,18000,엠아이커피,브라질,Natural,https://www.micoffee.co.kr/goods/goods_view.php?goodsNo=1000006601,품종: Mundo Novo 외,False,False,False,18.0
543,브라질 세하도 17/18 NY2 FC,18000,엠아이커피,브라질,Natural,https://www.micoffee.co.kr/goods/goods_view.php?goodsNo=1000000727,품종: Mundo Novo 외,False,False,False,18.0
372,온두라스 파라이네마 리브레 셀렉션,18000,커피리브레,온두라스,워시드 Washed,https://coffeelibre.kr/product/detail.html?product_no=6604&amp;cate_no=56&amp;display_group=1,품종: 파라이네마 Parainema,False,False,False,18.0
308,인도 아티칸 2026,18000,커피리브레,인도,워시드 Washed,https://coffeelibre.kr/product/detail.html?product_no=7734&amp;cate_no=56&amp;display_group=1,품종: 올드 셀렉션 Old Selection,False,False,False,18.0
161,인도 파파구치 에스테이트 파인 로부스타 내추럴 A,18000,에이션빈,인도,내추럴,https://www.asianbean.co.kr/shop/shopdetail.html?branduid=12255347&amp;xcode=008&amp;mcode=010&amp;scode=&amp;type=X&amp;sort=manual&amp;current_category=008&amp;search=&amp;GfDT=bm9%2FW18%3D,,False,False,False,18.0
152,인도 파파구치 에스테이트 파인 로부스타 워시드 A,18000,에이션빈,인도,워시드,https://www.asianbean.co.kr/shop/shopdetail.html?branduid=12255348&amp;xcode=008&amp;mcode=010&amp;scode=&amp;type=X&amp;sort=manual&amp;current_category=008&amp;search=&amp;GfDT=am93Vw%3D%3D,,False,False,False,18.0
904,코스타리카 따라주 산 라파엘 RZ SHB EP 워시드,18000,더블유빈,코스타리카,Washed,https://www.wbeans.com/goods/goods_view.php?goodsNo=1000008878,품종: CaturraCatuai,False,False,False,18.0
130,탄자니아 콩고니 트로피키 워시드 AA,18000,에이션빈,탄자니아,워시드,https://www.asianbean.co.kr/shop/shopdetail.html?branduid=12235674&amp;xcode=007&amp;mcode=002&amp;scode=&amp;type=X&amp;sort=manual&amp;current_category=007&amp;search=&amp;GfDT=aG13WA%3D%3D,,False,False,False,18.0
133,탄자니아 키고마 카욧 유니온 워시드 AA,18000,에이션빈,탄자니아,워시드,https://www.asianbean.co.kr/shop/shopdetail.html?branduid=12246585&amp;xcode=007&amp;mcode=002&amp;scode=&amp;type=X&amp;sort=manual&amp;current_category=007&amp;search=&amp;GfDT=bm58W1w%3D,,False,False,False,18.0
869,탄자니아 킬리만자로 AA,18000,더드립,탄자니아,Washed,https://www.thedripmall.com/goods/goods_view.php?goodsNo=1000001125,품종: N39,False,False,False,18.0
1106,피베리,18000,세웅지씨,케냐,,https://www.sewoonggc.com:443/shop/item.php?it_id=1485915153,,False,False,False,18.0
1042,-26CROP- 에티오피아 시다모 G2 워시드 Ethiopia,17900,블레스빈,에티오피아,워시드 Washed,https://blessbean.co.kr/shop/item.php?it_id=ET-SG2W002,품종: 에어룸 Heirloom,False,False,False,17.9
689,과테말라 베네피시오 익첼,17900,로열커피,과테말라,워시드,https://royalcoffeekorea.co.kr/goods/goods_view.php?goodsNo=1825,품종: 카투라,False,False,False,17.9
436,도미니카 A 바라호나 · 아울렛,17900,GSC,도미니카,Washed,https://www.gsc.coffee/goods/goods_view.php?goodsNo=1000000371,,False,False,False,17.9
819,브라질 파젠다 산타 로사 옐로우 카투아이 펄프드 내츄럴,17900,소펙스코리아,브라질,Pulped Natural,https://sopexkorea.com/product/detail.html?product_no=739,품종: Yellow Catuai,False,False,False,17.9
90,에티오피아 시다모 G2 ※벤사 아일라 대체 추천,17900,알마씨엘로,에티오피아,,https://www.almacielo.com/shop/detail.php?pno=A516A87CFCAEF229B342C437FE2B95F7&amp;rURL=https%3A%2F%2Fwww.almacielo.com%2Fcontent%2Fcontent.php%3Fcont%3Dsimpleorder&amp;ctype=1&amp;cno1=,,False,False,False,17.9
847,엘살바도르 '샤스타' SHG EP 워시드,17900,소펙스코리아,엘살바도르,Washed,https://sopexkorea.com/product/detail.html?product_no=939,"품종: Bourbon, Pacas, Pacamara, Caturra & Catuai",False,False,False,17.9
1128,예가체프 G2 워시드,17900,세웅지씨,에티오피아,워시드,https://www.sewoonggc.com:443/shop/item.php?it_id=1749790317,,False,False,False,17.9
681,예가체프 G2 워시드_KOCHERE_APPLE LEMON,17900,오로미아,에티오피아,워시드,https://www.oromia.kr/shop/item.php?it_id=05-Y,,False,False,False,17.9
1001,온두라스 SHG EP 워시드,17900,소펙스코리아,온두라스,Washed,https://sopexkorea.com/product/detail.html?product_no=963,"품종: Caturra, Catuai, Bourbon, Pacas",False,False,False,17.9
414,콜롬비아 수프리모 발레나토 · 아울렛,17900,GSC,콜롬비아,Washed,https://www.gsc.coffee/goods/goods_view.php?goodsNo=1000000296,,False,False,False,17.9
220,25 에티오피아 시다마 벤사 G3 TOP 내추럴,17800,코빈즈커피,에티오피아,내추럴,https://www.cobeans.com/shop/detail.php?pno=5103C3584B063C431BD1268E9B5E76FB,품종: Heirloom,False,False,False,17.8
107,★세일★ 탄자니아 키보 AA 킬리만자로,17800,알마씨엘로,탄자니아,,https://www.almacielo.com/shop/detail.php?pno=EAE27D77CA20DB309E056E3D2DCD7D69&amp;rURL=https%3A%2F%2Fwww.almacielo.com%2Fcontent%2Fcontent.php%3Fcont%3Dsimpleorder&amp;ctype=1&amp;cno1=,,False,False,False,17.8
1474,신규입고 과테말라 안티구아 SHB 워시드,17800,코빈즈커피,과테말라,워시드,https://www.cobeans.com/shop/detail.php?pno=4079016D940210B4AE9AE7D41C4A2065,"품종: Bourbon, Typica",False,False,False,17.8
1374,마이소르 너겟 엑스트라 볼드,17800,세웅지씨,인도,,https://www.sewoonggc.com:443/shop/item.php?it_id=1779453359,,False,False,False,17.8
1187,모틸론 스페셜티,17800,세웅지씨,콜롬비아,,https://www.sewoonggc.com:443/shop/item.php?it_id=1750328509,,False,False,False,17.8
686,아카테낭고 SHP EP 워시드 *한국QC 더블핸드픽,17800,오로미아,과테말라,워시드,https://www.oromia.kr/shop/item.php?it_id=10-LGA,,False,False,False,17.8
1158,얼라이 클래식 프리미엄,17800,세웅지씨,브라질,,https://www.sewoonggc.com:443/shop/item.php?it_id=1773907700,,False,False,False,17.8
33,콜롬비아 나리노 라 유니온 워시드,17800,알마씨엘로,콜롬비아,워시드,https://www.almacielo.com/shop/detail.php?pno=ED4227734ED75D343320B6A5FD16CE57&amp;rURL=https%3A%2F%2Fwww.almacielo.com%2Fcontent%2Fcontent.php%3Fcont%3Dsimpleorder&amp;ctype=1&amp;cno1=,"품종: CATURRA, CASTILLO",False,False,False,17.8
1150,쿤디나마르카 과타비타,17800,세웅지씨,콜롬비아,,https://www.sewoonggc.com:443/shop/item.php?it_id=1775813673,,False,False,False,17.8
1213,SHB 자스민,17700,세웅지씨,과테말라,,https://www.sewoonggc.com:443/shop/item.php?it_id=1484110147,,False,False,False,17.7
903,코스타리카 SHB EP 워시드,17700,더블유빈,코스타리카,Washed,https://www.wbeans.com/goods/goods_view.php?goodsNo=1000007550,"품종: Caturra, Catuai",False,False,False,17.7
1479,신규입고 Ethiopia Yirgacheffe natural G3 에티오피아 예가체프 내추럴 G3,17500,레헴코리아,에티오피아,내추럴,https://rnccoffee.kr/product/detail.html?product_no=8037,품종: Ethiopia heirloom and Typica,False,False,False,17.5
1073,"Guatemala SHB Antigua ""Finca Monte"" 과테말라 SHB 안티구아 '핀카몬테'",17500,레헴코리아,과테말라,워시드,https://rnccoffee.kr/product/detail.html?product_no=1965,"품종: Bourbon, Caturra, Catuai",False,False,False,17.5
899,과테말라 볼까니꼬 SHB 워시드,17500,더블유빈,과테말라,Washed,https://www.wbeans.com/goods/goods_view.php?goodsNo=1000010007,"품종: Caturra, CatuaiBourbon",False,False,False,17.5
951,르완다 냐마시케 카가노 인조브 AA 워시드 Rwanda,17500,블레스빈,르완다,워시드 Washed,https://blessbean.co.kr/shop/item.php?it_id=RW-IAAW001,"품종: 버번,티피카 Bourbon,Typica",False,False,False,17.5
389,브라질 NY2 FC 옐로우 버번 · 7월세일,17500,GSC,브라질,Natural,https://www.gsc.coffee/goods/goods_view.php?goodsNo=1000000287,,False,False,False,17.5
891,브라질 파젠다 몬테 알토 내추럴 스페셜티,17500,더블유빈,브라질,Natural,https://www.wbeans.com/goods/goods_view.php?goodsNo=1000008937,품종: Yellow Catuai,False,False,False,17.5
713,엘살바도르 베네피시오 산 미구엘,17500,로열커피,엘살바도르,워시드,https://royalcoffeekorea.co.kr/goods/goods_view.php?goodsNo=1826,품종: 카투라,False,False,False,17.5
866,엘살바도르 샤스타 SHG EP,17500,더드립,엘살바도르,Washed,https://www.thedripmall.com/goods/goods_view.php?goodsNo=1000000239,품종: Blend,False,False,False,17.5
447,온두라스 SHG EP 코판 · 7월세일,17500,GSC,온두라스,Washed,https://www.gsc.coffee/goods/goods_view.php?goodsNo=1000000390,,False,False,False,17.5
307,인도 바드라 아라비카 2026,17500,커피리브레,인도,워시드 Washed,https://coffeelibre.kr/product/detail.html?product_no=7458&amp;cate_no=56&amp;display_group=1,"품종: Sln.5B, 카우베리 외 Sln.5B, Cauvery, Etc.",False,False,False,17.5
178,인도네시아 수마트라 케린치 에르나 길링 바사 G1,17500,에이션빈,인도네시아,,https://www.asianbean.co.kr/shop/shopdetail.html?branduid=12258229&amp;xcode=008&amp;mcode=002&amp;scode=&amp;type=X&amp;sort=manual&amp;current_category=008&amp;search=&amp;GfDT=Z2l3UA%3D%3D,,False,False,False,17.5
175,인도네시아 아체 만델링 반다 가요 길링 바사 G1,17500,에이션빈,인도네시아,,https://www.asianbean.co.kr/shop/shopdetail.html?branduid=12258238&amp;xcode=008&amp;mcode=002&amp;scode=&amp;type=X&amp;sort=manual&amp;current_category=008&amp;search=&amp;GfDT=bGh3UFw%3D,,False,False,False,17.5
145,카메룬 음베사 자바 워시드 G1,17500,에이션빈,카메룬,워시드,https://www.asianbean.co.kr/shop/shopdetail.html?branduid=12255366&amp;xcode=007&amp;mcode=007&amp;scode=&amp;type=X&amp;sort=manual&amp;current_category=007&amp;search=&amp;GfDT=aGh3UQ%3D%3D,,False,False,False,17.5
431,코스타리카 SHB EP 따라주 · 7월세일,17500,GSC,코스타리카,Washed,https://www.gsc.coffee/goods/goods_view.php?goodsNo=1000000305,,False,False,False,17.5
548,콜롬비아 안티오키아 라 수이사,17500,엠아이커피,콜롬비아,Fully Washed,https://www.micoffee.co.kr/goods/goods_view.php?goodsNo=1000007532,"품종: Colombia, Caturra",False,False,False,17.5
894,콜롬비아 엑셀소 EP 워시드,17500,더블유빈,콜롬비아,Washed,https://www.wbeans.com/goods/goods_view.php?goodsNo=1000009489,품종: BourbonCaturra. Etc,False,False,False,17.5
529,콜롬비아 후일라 산 어거스틴,17500,커피루트,콜롬비아,,https://koffeeroute.com/product/San_Agustin,,False,False,False,17.5
511,파푸아 뉴기니 웨스턴 하이랜드 플랜테이션 A SC 17 풀리 워시드 · 7월세일,17500,GSC,파푸아뉴기니,Fully Washed,https://www.gsc.coffee/goods/goods_view.php?goodsNo=1000001287,,False,False,False,17.5
20,브라질 까사블렌드 펄프드 내추럴 NY2 FC,17400,알마씨엘로,브라질,펄프드 내추럴,https://www.almacielo.com/shop/detail.php?pno=FC528592C3858F90196FBFACC814F235&amp;rURL=https%3A%2F%2Fwww.almacielo.com%2Fcontent%2Fcontent.php%3Fcont%3Dsimpleorder&amp;ctype=1&amp;cno1=,품종: RED CATUAI,True,False,False,17.4
1063,BrazilBSCA Yellow Bourbon Sul de Minas 브라질 BSCA 옐로우버본 술데미나스,17300,레헴코리아,브라질,내추럴,https://rnccoffee.kr/product/detail.html?product_no=106,품종: Yellow Bourbon,False,False,False,17.3
68,★세일★ 온두라스 산타 바바라 SHG EP,17300,알마씨엘로,온두라스,워시드,https://www.almacielo.com/shop/detail.php?pno=D1DC3A8270A6F9394F88847D7F0050CF&amp;rURL=https%3A%2F%2Fwww.almacielo.com%2Fcontent%2Fcontent.php%3Fcont%3Dsimpleorder&amp;ctype=1&amp;cno1=,"품종: CATURRA, CATUAI 외",False,False,False,17.3
69,★세일★ 케냐 마운트 케냐 AA FAQ,17300,알마씨엘로,케냐,워시드,https://www.almacielo.com/shop/detail.php?pno=6DD4E10E3296FA63738371EC0D5DF818&amp;rURL=https%3A%2F%2Fwww.almacielo.com%2Fcontent%2Fcontent.php%3Fcont%3Dsimpleorder&amp;ctype=1&amp;cno1=,"품종: SL28, SL34, RUIRU 11",False,False,False,17.3
65,코스타리카 따라주 SHB,17300,알마씨엘로,코스타리카,워시드,https://www.almacielo.com/shop/detail.php?pno=96DA2F590CD7246BBDE0051047B0D6F7&amp;rURL=https%3A%2F%2Fwww.almacielo.com%2Fcontent%2Fcontent.php%3Fcont%3Dsimpleorder&amp;ctype=1&amp;cno1=,품종: CATURRA / CATUAI,False,False,False,17.3
142,탄자니아 올데아니 나이아살랜드 워시드 AA,17300,에이션빈,탄자니아,워시드,https://www.asianbean.co.kr/shop/shopdetail.html?branduid=12249236&amp;xcode=007&amp;mcode=002&amp;scode=&amp;type=X&amp;sort=manual&amp;current_category=007&amp;search=&amp;GfDT=bmh8W1U%3D,,False,False,False,17.3
1251,모틸론 스페셜티 EP,17200,세웅지씨,콜롬비아,,https://www.sewoonggc.com:443/shop/item.php?it_id=1779094671,,False,False,False,17.2
1144,바예델카우카 파넬라 워시드,17200,세웅지씨,콜롬비아,워시드,https://www.sewoonggc.com:443/shop/item.php?it_id=1781670365,,False,False,False,17.2
300,브라질 세하도 내추럴 리브레 셀렉션,17200,커피리브레,브라질,내추럴 Natural,https://coffeelibre.kr/product/detail.html?product_no=7687&amp;cate_no=56&amp;display_group=1,"품종: 문도 노보, 카투아이 Mundo Novo, Catuai",False,False,False,17.2
1149,시에라 네바다 스페셜티,17200,세웅지씨,콜롬비아,,https://www.sewoonggc.com:443/shop/item.php?it_id=1779093438,,False,False,False,17.2
962,콜롬비아 후일라 가존 수프리모 SC17/18 워시드 Colombia,17200,블레스빈,콜롬비아,워시드 Washed,https://blessbean.co.kr/shop/item.php?it_id=CO-HSPW001,"품종: 카투라, 티피카 Caturra, Typica",False,False,False,17.2
193,25/26 브라질 NY2 SC16up FC 다크 쇼콜라타 내추럴,17000,에이션빈,브라질,내추럴,https://www.asianbean.co.kr/shop/shopdetail.html?branduid=12235654&amp;xcode=009&amp;mcode=001&amp;scode=&amp;type=X&amp;sort=manual&amp;current_category=009&amp;search=&amp;GfDT=bGh3Vg%3D%3D,,False,False,False,17.0
1009,과테말라 우에우에테낭고 우니온 칸티닐 2026,17000,커피리브레,과테말라,워시드 Washed,https://coffeelibre.kr/product/detail.html?product_no=7826&amp;cate_no=56&amp;display_group=1,"품종: 부르봉, 카투라 Bourbon, Caturra",False,False,False,17.0
11,브라질 초콜릿 레시피 벨벳,17000,알마씨엘로,브라질,내추럴,https://www.almacielo.com/shop/detail.php?pno=D88518ACBCC3D08D1F18DA62F9BB26EC&amp;rURL=https%3A%2F%2Fwww.almacielo.com%2Fcontent%2Fcontent.php%3Fcont%3Dsimpleorder&amp;ctype=1&amp;cno1=,품종: CATUAI & OTHERS,False,False,False,17.0
359,온두라스 마리사벨 블렌드,17000,커피리브레,온두라스,워시드 Washed,https://coffeelibre.kr/product/detail.html?product_no=6237&amp;cate_no=56&amp;display_group=1,품종: 카투아이 Catuai,True,False,False,17.0
953,우간다 부기수 A 워시드 Uganda,17000,블레스빈,우간다,워시드 Washed,https://blessbean.co.kr/shop/item.php?it_id=UG-BAAW002,"품종: SL-14, SL-28",False,False,False,17.0
929,인도 마이소르 너겟 엑스트라 볼드,17000,더블유빈,인도,Washed,https://www.wbeans.com/goods/goods_view.php?goodsNo=1000009953,"품종: Kent, Selection 795",False,False,False,17.0
105,탄자니아 노스 AA 킬리만자로,17000,알마씨엘로,탄자니아,,https://www.almacielo.com/shop/detail.php?pno=894B77F805BD94D292574C38C5D628D5&amp;rURL=https%3A%2F%2Fwww.almacielo.com%2Fcontent%2Fcontent.php%3Fcont%3Dsimpleorder&amp;ctype=1&amp;cno1=,,False,False,False,17.0
1211,SHG,16900,세웅지씨,엘살바도르,,https://www.sewoonggc.com:443/shop/item.php?it_id=1484111695,,False,False,False,16.9
36,★세일★ 콜롬비아 갈레라스 워시드,16900,알마씨엘로,콜롬비아,워시드,https://www.almacielo.com/shop/detail.php?pno=3A20F62A0AF1AA152670BAB3C602FEED&amp;rURL=https%3A%2F%2Fwww.almacielo.com%2Fcontent%2Fcontent.php%3Fcont%3Dsimpleorder&amp;ctype=1&amp;cno1=,품종: CATURRA / CASTILLO / COLOMBIA,False,False,False,16.9
1392,마라와카 아라비카,16900,세웅지씨,파푸아뉴기니,,https://www.sewoonggc.com:443/shop/item.php?it_id=1769796072,,False,False,False,16.9
10,브라질 모지아나 돌체 내추럴 NY2 FC,16900,알마씨엘로,브라질,내추럴,https://www.almacielo.com/shop/detail.php?pno=F60BB6BB4C96D4DF93C51BD69DCC15A0&amp;rURL=https%3A%2F%2Fwww.almacielo.com%2Fcontent%2Fcontent.php%3Fcont%3Dsimpleorder&amp;ctype=1&amp;cno1=,품종: RED CATUAI,False,False,False,16.9
301,브라질 술 데 미나스 내추럴 리브레 셀렉션,16900,커피리브레,브라질,내추럴 Natural,https://coffeelibre.kr/product/detail.html?product_no=7623&amp;cate_no=56&amp;display_group=1,"품종: 문도 노보, 카투아이 Mundo Novo, Catuai",False,False,False,16.9
1354,콜롬비아 산아구스틴 마운틴워터,16900,세웅지씨,콜롬비아,디카페인,https://www.sewoonggc.com:443/shop/item.php?it_id=1614339677,,False,False,False,16.9
793,탄자니아 킬리만자로 클래식 AA,16900,소펙스코리아,탄자니아,Washed,https://sopexkorea.com/product/detail.html?product_no=851,"품종: Bourbon, Kent",False,False,False,16.9
1443,26 에티오피아 안다라차 G2 워시드,16800,코빈즈커피,에티오피아,워시드,https://www.cobeans.com/shop/detail.php?pno=540AE6B0F6AC6E155062F3DD4F0B2B01,품종: Heirloom,False,False,False,16.8
247,26 케냐 AA FAQ 워시드,16800,코빈즈커피,케냐,워시드,https://www.cobeans.com/shop/detail.php?pno=4A3E00961A08879C34F91CA0070EA2F5,"품종: SL 28, SL 34, Ruiru 11",False,False,False,16.8
660,HU-05,16800,카페노갈레스,콜롬비아,Washed,https://www.cafenogales.co.kr/product/HU05,품종: 다수 품종 혼합,False,False,False,16.8
61,★세일★ 과테말라 산타로사 SHB,16800,알마씨엘로,과테말라,워시드,https://www.almacielo.com/shop/detail.php?pno=4F398CB9D6BC79AE567298335B51BA8A&amp;rURL=https%3A%2F%2Fwww.almacielo.com%2Fcontent%2Fcontent.php%3Fcont%3Dsimpleorder&amp;ctype=1&amp;cno1=,"품종: BOURBON, CATURRA, CATUAI",False,False,False,16.8
66,★세일★ 엘 살바도르 SHG EP,16800,알마씨엘로,엘살바도르,워시드,https://www.almacielo.com/shop/detail.php?pno=06409663226AF2F3114485AA4E0A23B4&amp;rURL=https%3A%2F%2Fwww.almacielo.com%2Fcontent%2Fcontent.php%3Fcont%3Dsimpleorder&amp;ctype=1&amp;cno1=,품종: BOURBON / CATURRA,False,False,False,16.8
693,부룬디 엔고지 내추럴,16800,로열커피,부룬디,내추럴,https://royalcoffeekorea.co.kr/goods/goods_view.php?goodsNo=1721,품종: 버번,False,False,False,16.8
890,브라질 파젠다 카삼부 내추럴 스페셜티,16800,더블유빈,브라질,Natural,https://www.wbeans.com/goods/goods_view.php?goodsNo=1000007531,품종: Yellow Catuai,False,False,False,16.8
1209,수프리모 우일라 17/18,16800,세웅지씨,콜롬비아,,https://www.sewoonggc.com:443/shop/item.php?it_id=1587625722,,False,False,False,16.8
955,브라질 미나스 제라이스 바이아 아이린 블렌드 NY2/3 SC16/17 펄프드내추럴 Brazil,16700,블레스빈,브라질,펄프드 내추럴 Pulped Natural,https://blessbean.co.kr/shop/item.php?it_id=BR-IN3S001,"품종: 카투아이, 이카투 Catuai, Icatu",True,False,False,16.7
1214,수프리모 18up 프리미엄,16700,세웅지씨,콜롬비아,,https://www.sewoonggc.com:443/shop/item.php?it_id=1483418660,,False,False,False,16.7
795,우간다 부기수 AA 워시드,16700,소펙스코리아,우간다,Washed,https://sopexkorea.com/product/detail.html?product_no=855,"품종: Typica, Kent SL14, SL28",False,False,False,16.7
45,콜롬비아 보니야 워시드 수프리모,16700,알마씨엘로,콜롬비아,워시드,https://www.almacielo.com/shop/detail.php?pno=CFA5301358B9FCBE7AA45B1CEEA088C6&amp;rURL=https%3A%2F%2Fwww.almacielo.com%2Fcontent%2Fcontent.php%3Fcont%3Dsimpleorder&amp;ctype=1&amp;cno1=,품종: CATURRA / CASTILLO,False,False,False,16.7
684,후일라 SUPREMO 워시드_엠비안테 벤데시도,16700,오로미아,콜롬비아,워시드,https://www.oromia.kr/shop/item.php?it_id=08-LC1,,False,False,False,16.7
34,★세일★ 콜롬비아 나리노 하이랜드 크래프트,16600,알마씨엘로,콜롬비아,워시드,https://www.almacielo.com/shop/detail.php?pno=277281AADA22045C03945DCB2CA6F2EC&amp;rURL=https%3A%2F%2Fwww.almacielo.com%2Fcontent%2Fcontent.php%3Fcont%3Dsimpleorder&amp;ctype=1&amp;cno1=,품종: CATURRA CASTILLO,False,False,False,16.6
106,★세일★ 탄자니아 모시 AA 노스,16600,알마씨엘로,탄자니아,,https://www.almacielo.com/shop/detail.php?pno=E369853DF766FA44E1ED0FF613F563BD&amp;rURL=https%3A%2F%2Fwww.almacielo.com%2Fcontent%2Fcontent.php%3Fcont%3Dsimpleorder&amp;ctype=1&amp;cno1=,,False,False,False,16.6
696,에티오피아 구지 킬렌소 내추럴 G3,16600,로열커피,에티오피아,내추럴,https://royalcoffeekorea.co.kr/goods/goods_view.php?goodsNo=1808,품종: 기타품종,False,False,False,16.6
1068,Brazil Mogiana NY2 Fine cup Oesso 브라질 모지아나 NY2 파인컵 Oesso,16500,레헴코리아,브라질,내추럴,https://rnccoffee.kr/product/detail.html?product_no=4526,"품종: Bourbon, Catuai, Vermelho, Mundo Novo",False,False,False,16.5
1394,가요 마운틴 G1 SC 18UP,16500,세웅지씨,인도네시아,,https://www.sewoonggc.com:443/shop/item.php?it_id=1764825651,,False,False,False,16.5
149,베트남 탐바 파인 로부스타 옐로우 허니,16500,에이션빈,베트남,허니,https://www.asianbean.co.kr/shop/shopdetail.html?branduid=12258429&amp;xcode=008&amp;mcode=009&amp;scode=&amp;type=X&amp;sort=manual&amp;current_category=008&amp;search=&amp;GfDT=bmt%2FW18%3D,,False,False,False,16.5
546,브라질 산타이네스 펄프드 내추럴,16500,엠아이커피,브라질,Pulped Natural,https://www.micoffee.co.kr/goods/goods_view.php?goodsNo=1000007533,품종: Yellow Bourbon,False,False,False,16.5
527,브라질 카페 돌체 (내추럴),16500,커피루트,브라질,내추럴,https://koffeeroute.com/product/d37fc643-115f-4426-ad98-07bbe1679f9a,,False,False,False,16.5
1307,수프리모 바예 데 카우카 스페셜,16500,세웅지씨,콜롬비아,,https://www.sewoonggc.com:443/shop/item.php?it_id=1733121577,,False,False,False,16.5
905,엘살바도르 SHG EP 워시드,16500,더블유빈,엘살바도르,Washed,https://www.wbeans.com/goods/goods_view.php?goodsNo=1000008879,품종: Bourbon,False,False,False,16.5
875,온두라스 SHG EP,16500,더드립,온두라스,Fully Washed,https://www.thedripmall.com/goods/goods_view.php?goodsNo=1000002671,"품종: IHCAFE90, Lempira etc",False,False,False,16.5
1468,신규입고 인도 아자드 힌드 로부스타 무산소 내추럴 2026,16500,커피리브레,인도,무산소 내추럴 Anaerobic Natural,https://coffeelibre.kr/product/detail.html?product_no=7933&amp;cate_no=56&amp;display_group=1,품종: 로부스타 Robusta (Old Perdenia),False,False,False,16.5
952,탄자니아 킬리만자로 AA 워시드 Tanzania,16500,블레스빈,탄자니아,워시드 Washed,https://blessbean.co.kr/shop/item.php?it_id=TN-KAFW001,"품종: 켄트, 버번 Kent, Bourbon",False,False,False,16.5
35,★세일★ 콜롬비아 엘 탐보 워시드,16400,알마씨엘로,콜롬비아,워시드,https://www.almacielo.com/shop/detail.php?pno=B132ECC1609BFCF302615847C1CAA69A&amp;rURL=https%3A%2F%2Fwww.almacielo.com%2Fcontent%2Fcontent.php%3Fcont%3Dsimpleorder&amp;ctype=1&amp;cno1=,품종: CASTILLO,False,False,False,16.4
1462,신규입고 과테말라 SHB EP,16400,알마씨엘로,과테말라,워시드,https://www.almacielo.com/shop/detail.php?pno=831C2F88A604A07CA94314B56A4921B8&amp;rURL=https%3A%2F%2Fwww.almacielo.com%2Fcontent%2Fcontent.php%3Fcont%3Dsimpleorder&amp;ctype=1&amp;cno1=,"품종: CATURRA, BOURBON",False,False,False,16.4
692,부룬디 응고지 바히레,16400,로열커피,부룬디,워시드,https://royalcoffeekorea.co.kr/goods/goods_view.php?goodsNo=1572,품종: 버번,False,False,False,16.4
1282,스페셜티 카우카 EP,16400,세웅지씨,콜롬비아,,https://www.sewoonggc.com:443/shop/item.php?it_id=1759399764,,False,False,False,16.4
1065,Colombia Huila Supremo 콜롬비아 후일라 수프리모,16200,레헴코리아,콜롬비아,워시드,https://rnccoffee.kr/product/detail.html?product_no=27,"품종: Castillo, Colombia",False,False,False,16.2
1355,SHB EP 따라주,16200,세웅지씨,코스타리카,,https://www.sewoonggc.com:443/shop/item.php?it_id=1578450165,,False,False,False,16.2
968,과테말라 제네릭 SHB EP 워시드 Guatemala,16200,블레스빈,과테말라,워시드 Washed,https://blessbean.co.kr/shop/item.php?it_id=GT-OSBW001,품종: 카스틸로 Castillo,False,False,False,16.2
1137,시다모 G2 워시드,16200,세웅지씨,에티오피아,워시드,https://www.sewoonggc.com:443/shop/item.php?it_id=1484108142,,False,False,False,16.2
970,엘살바도르 산타아나 쿠스카자파 SHG EP 워시드 El salvador,16200,블레스빈,엘살바도르,워시드 Washed,https://blessbean.co.kr/shop/item.php?it_id=SV-CSHW002,품종: 카투아이 아마릴로 믹스 Catuai Amarillo mix,False,False,False,16.2
377,코스타리카 산타 테레사 2000,16200,커피리브레,코스타리카,화이트 허니 White Honey,https://coffeelibre.kr/product/detail.html?product_no=6525&amp;cate_no=56&amp;display_group=1,품종: 카투아이 Catuai,False,False,False,16.2
378,코스타리카 산타 테레사 2000 라 몬타냐,16200,커피리브레,코스타리카,화이트 허니 White Honey,https://coffeelibre.kr/product/detail.html?product_no=6527&amp;cate_no=56&amp;display_group=1,품종: 카투아이 Catuai,False,False,False,16.2
59,★세일★ 과테말라 안티구아 SHB 마르가리타,16100,알마씨엘로,과테말라,워시드,https://www.almacielo.com/shop/detail.php?pno=A8BAA56554F96369AB93E4F3BB068C22&amp;rURL=https%3A%2F%2Fwww.almacielo.com%2Fcontent%2Fcontent.php%3Fcont%3Dsimpleorder&amp;ctype=1&amp;cno1=,품종: CATURRA BOURBON,False,False,False,16.1
907,온두라스 코판 SHG EP 워시드,16100,더블유빈,온두라스,Washed,https://www.wbeans.com/goods/goods_view.php?goodsNo=1000008881,품종: Ihcafe 90Lempira,False,False,False,16.1
1077,"India ""Specialty"" Mysore Nugget Extra Bold- 인도 아라비카 스페셜티 마이소르 너겟",16000,레헴코리아,인도,워시드,https://rnccoffee.kr/product/detail.html?product_no=120,"품종: Kent, Cauvery, S-795, S-9",False,False,False,16.0
1460,신규입고 Papua new guinea Sigri A 파푸아 뉴기니 시그리A,16000,레헴코리아,파푸아뉴기니,워시드,https://rnccoffee.kr/product/detail.html?product_no=62,품종: Typica,False,False,False,16.0
810,라오스 아라비카 볼라벤 G1 Scr 16up 워시드,16000,소펙스코리아,라오스,Washed,https://sopexkorea.com/product/detail.html?product_no=1316,"품종: Typica, Bourbon",False,False,False,16.0
298,르완다 무지나,16000,커피리브레,르완다,워시드 Washed,https://coffeelibre.kr/product/detail.html?product_no=7180&amp;cate_no=56&amp;display_group=1,품종: 부르봉 Bourbon,False,False,False,16.0
815,브라질 모지아나 파인컵 NY2 Scr 17/18 내츄럴,16000,소펙스코리아,브라질,Natural,https://sopexkorea.com/product/detail.html?product_no=991,"품종: Mundo Novo, Catuai",False,False,False,16.0
956,브라질 몬테 벨로 옐로우버본 FC SC16UP 펄프드내추럴 Brazil,16000,블레스빈,브라질,펄프드 내추럴 Pulped Natural,https://blessbean.co.kr/shop/item.php?it_id=BR-YFCU001,품종: 옐로우 버번 Yellow Bourbon,False,False,False,16.0
816,브라질 산토스 파인컵 NY2 Scr 17/18 내츄럴,16000,소펙스코리아,브라질,Natural,https://sopexkorea.com/product/detail.html?product_no=988,"품종: Mundo Novo, Icatu, Bourbon, Catuai",False,False,False,16.0
817,브라질 세하도 파인컵 NY2 Scr 17/18 내츄럴,16000,소펙스코리아,브라질,Natural,https://sopexkorea.com/product/detail.html?product_no=989,"품종: Mundo Novo, Bourbon, Catuai",False,False,False,16.0
906,온두라스 산 비센테 SHG EP 워시드,16000,더블유빈,온두라스,Washed,https://www.wbeans.com/goods/goods_view.php?goodsNo=1000008429,"품종: Catuai, Ihcafe90. Etc",False,False,False,16.0
972,온두라스 코판 SHG EP 워시드 Honduras,16000,블레스빈,온두라스,워시드 washed,https://blessbean.co.kr/shop/item.php?it_id=HN-CSGW001,"품종: 버번 Bourbon, 카투라 Caturra ,카투아이 Catai",False,False,False,16.0
15,브라질 산토스 NY2 FC,15900,알마씨엘로,브라질,내추럴,https://www.almacielo.com/shop/detail.php?pno=3EF815416F775098FE977004015C6193&amp;rURL=https%3A%2F%2Fwww.almacielo.com%2Fcontent%2Fcontent.php%3Fcont%3Dsimpleorder&amp;ctype=1&amp;cno1=,품종: RED CATUAI,False,False,False,15.9
16,브라질 세라도 NY2 FC,15900,알마씨엘로,브라질,내추럴,https://www.almacielo.com/shop/detail.php?pno=38B3EFF8BAF56627478EC76A704E9B52&amp;rURL=https%3A%2F%2Fwww.almacielo.com%2Fcontent%2Fcontent.php%3Fcont%3Dsimpleorder&amp;ctype=1&amp;cno1=,품종: RED CATUAI,False,False,False,15.9
1090,아마호로 프리미엄 커머셜 워시드 키부,15900,세웅지씨,르완다,워시드,https://www.sewoonggc.com:443/shop/item.php?it_id=1759317870,,False,False,False,15.9
1329,엘도라도 피그 쳐트니,15900,세웅지씨,브라질,,https://www.sewoonggc.com:443/shop/item.php?it_id=1711012609,,False,False,False,15.9
659,CA-01,15800,카페노갈레스,콜롬비아,Washed,https://www.cafenogales.co.kr/product/CA01-2026,품종: 다수 품종 혼합,False,False,False,15.8
110,★세일★ 탄자니아 아이사이소 AA,15800,알마씨엘로,탄자니아,,https://www.almacielo.com/shop/detail.php?pno=52947E0ADE57A09E4A1386D08F17B656&amp;rURL=https%3A%2F%2Fwww.almacielo.com%2Fcontent%2Fcontent.php%3Fcont%3Dsimpleorder&amp;ctype=1&amp;cno1=,,False,False,False,15.8
1096,노스 AA 키아라,15800,세웅지씨,탄자니아,,https://www.sewoonggc.com:443/shop/item.php?it_id=1580448645,,False,False,False,15.8
889,브라질 모지아나 파인컵 NY2 16UP 내추럴,15800,더블유빈,브라질,Natural,https://www.wbeans.com/goods/goods_view.php?goodsNo=1000009007,품종: Mundo NovoRed Catuai,False,False,False,15.8
880,브라질 세하도 NY2,15800,더드립,브라질,Natural,https://www.thedripmall.com/goods/goods_view.php?goodsNo=1000001074,"품종: Catuai, Mondo Novo",False,False,False,15.8
1140,코케허니 내추럴 G2,15800,세웅지씨,에티오피아,허니,https://www.sewoonggc.com:443/shop/item.php?it_id=1737708987,,False,False,False,15.8
31,콜롬비아 라 팔메라 워시드 수프리모,15800,알마씨엘로,콜롬비아,워시드,https://www.almacielo.com/shop/detail.php?pno=1415DB70FE9DDB119E23E9B2808CDE38&amp;rURL=https%3A%2F%2Fwww.almacielo.com%2Fcontent%2Fcontent.php%3Fcont%3Dsimpleorder&amp;ctype=1&amp;cno1=,품종: CATURRA / CASTILLO,False,False,False,15.8
1357,콜롬비아 크래프트 엘 마르셀로 카스티죠 워시드 롱,15800,세웅지씨,콜롬비아,워시드,https://www.sewoonggc.com:443/shop/item.php?it_id=10720,,False,False,False,15.8
691,부룬디 엔고지 바비에위,15700,로열커피,부룬디,워시드,https://royalcoffeekorea.co.kr/goods/goods_view.php?goodsNo=1731,품종: 버번,False,False,False,15.7
888,브라질 세하도 파인컵 NY2/17-18 내추럴,15700,더블유빈,브라질,Natural,https://www.wbeans.com/goods/goods_view.php?goodsNo=1000007526,품종: Mundo Novo. Etc,False,False,False,15.7
1316,프리마베라 옐로우 카투아이 내추럴,15700,세웅지씨,브라질,내추럴,https://www.sewoonggc.com:443/shop/item.php?it_id=1731917588,,False,False,False,15.7
1056,Ethiopia Sidamo G4 LATA 에티오피아 시다모 G4 라타 내추럴,15600,레헴코리아,에티오피아,내추럴,https://rnccoffee.kr/product/detail.html?product_no=47,품종: Ethiopia heirloom and Typica,False,False,False,15.6
67,★세일★ 온두라스 라 플로르 SHG EP,15600,알마씨엘로,온두라스,워시드,https://www.almacielo.com/shop/detail.php?pno=9E984C108157CEA74C894B5CF34EFC44&amp;rURL=https%3A%2F%2Fwww.almacielo.com%2Fcontent%2Fcontent.php%3Fcont%3Dsimpleorder&amp;ctype=1&amp;cno1=,"품종: CATURRA, CATUAI 외",False,False,False,15.6
40,★세일★ 콜롬비아 엘 모뉴멘토,15600,알마씨엘로,콜롬비아,워시드,https://www.almacielo.com/shop/detail.php?pno=DC5C768B5DC76A084531934B34601977&amp;rURL=https%3A%2F%2Fwww.almacielo.com%2Fcontent%2Fcontent.php%3Fcont%3Dsimpleorder&amp;ctype=1&amp;cno1=,품종: CATURRA CASTILLO COLOMBIA,False,False,False,15.6
813,브라질 모지아나 파인컵 NY2/3 Scr 14/16 내츄럴,15600,소펙스코리아,브라질,Natural,https://sopexkorea.com/product/detail.html?product_no=1343,"품종: Mundo Novo, Catuai",False,False,False,15.6
887,브라질 산토스 굿컵 NY2 16UP 내추럴,15600,더블유빈,브라질,Natural,https://www.wbeans.com/goods/goods_view.php?goodsNo=1000007525,품종: Mundo novoCatuai. Etc,False,False,False,15.6
814,브라질 세하도 파인컵 NY2/3 Scr 14/16 내츄럴,15600,소펙스코리아,브라질,Natural,https://sopexkorea.com/product/detail.html?product_no=993,"품종: Mundo Novo, Bourbon, Catuai",False,False,False,15.6
17,브라질 술데미나스 내추럴 NY2 FC,15600,알마씨엘로,브라질,내추럴,https://www.almacielo.com/shop/detail.php?pno=E8D92F99EDD25E2CEF48ECA48320A1A5&amp;rURL=https%3A%2F%2Fwww.almacielo.com%2Fcontent%2Fcontent.php%3Fcont%3Dsimpleorder&amp;ctype=1&amp;cno1=,품종: RED CATUAI,False,False,False,15.6
767,에티오피아 예가체프 G4 내츄럴,15600,소펙스코리아,에티오피아,Natural,https://sopexkorea.com/product/detail.html?product_no=571,품종: Mixed Heirloom,False,False,False,15.6
886,브라질 세하도 파인컵 NY2/3 14-16 내추럴,15500,더블유빈,브라질,Natural,https://www.wbeans.com/goods/goods_view.php?goodsNo=1000009336,품종: Mundo Novo. Etc,False,False,False,15.5
685,블랙슈가넛 펄프드 내추럴_돌체 텐저린,15500,오로미아,브라질,펄프드 내추럴,https://www.oromia.kr/shop/item.php?it_id=09-LBB,,False,False,False,15.5
913,에티오피아 시다모 G4 내추럴,15500,더블유빈,에티오피아,Natural,https://www.wbeans.com/goods/goods_view.php?goodsNo=1000008779,품종: Heirloom,False,False,False,15.5
766,에티오피아 시다모 G4 내츄럴,15500,소펙스코리아,에티오피아,Natural,https://sopexkorea.com/product/detail.html?product_no=820,품종: Mixed Heirloom,False,False,False,15.5
1466,신규입고 인도 아자드 힌드 CxR 2026,15500,커피리브레,인도,워시드 Washed,https://coffeelibre.kr/product/detail.html?product_no=7824&amp;cate_no=56&amp;display_group=1,품종: CxR (로부스타 교배종),False,False,False,15.5
588,인도 카피로얄 AA,15500,엠아이커피,인도,Fully Washed,https://www.micoffee.co.kr/goods/goods_view.php?goodsNo=1000000724,품종: Robusta,False,False,False,15.5
939,에티오피아 예가체프 G4 내추럴 Ethiopia,15400,블레스빈,에티오피아,내추럴 Natural,https://blessbean.co.kr/shop/item.php?it_id=ET-YG4N001,품종: 에어룸 Heirloom,False,False,False,15.4
1428,★세일★ 과테말라 라바 돌체 SHB,15300,알마씨엘로,과테말라,워시드,https://www.almacielo.com/shop/detail.php?pno=64F1F27BF1B4EC22924FD0ACB550C235&amp;rURL=https%3A%2F%2Fwww.almacielo.com%2Fcontent%2Fcontent.php%3Fcont%3Dsimpleorder&amp;ctype=1&amp;cno1=,"품종: BOURBON, CATURRA, CATUAI",False,False,False,15.3
252,브라질 세하도 NY2 SC17/18 FC 내추럴,15300,코빈즈커피,브라질,내추럴,https://www.cobeans.com/shop/detail.php?pno=286674E3082FEB7E5AFB92777E48821F,"품종: Catuai, Acaia, Mundo Novo",False,False,False,15.3
694,브라질 포코 펀도 내추럴,15300,로열커피,브라질,내추럴,https://royalcoffeekorea.co.kr/goods/goods_view.php?goodsNo=1746,품종: 기타품종,False,False,False,15.3
474,에티오피아 G4 예가체프 내추럴,15300,GSC,에티오피아,Natural,https://www.gsc.coffee/goods/goods_view.php?goodsNo=1000000862,,False,False,False,15.3
723,콜롬비아 산 어거스틴,15300,로열커피,콜롬비아,워시드,https://royalcoffeekorea.co.kr/goods/goods_view.php?goodsNo=448,품종: 카투라,False,False,False,15.3
14,브라질 파인컵 벌크로스터,15200,알마씨엘로,브라질,내추럴,https://www.almacielo.com/shop/detail.php?pno=C3E0C62EE91DB8DC7382BDE7419BB573&amp;rURL=https%3A%2F%2Fwww.almacielo.com%2Fcontent%2Fcontent.php%3Fcont%3Dsimpleorder&amp;ctype=1&amp;cno1=,품종: RED CATUAI,False,False,False,15.2
473,에티오피아 G4 시다모 내추럴,15200,GSC,에티오피아,Natural,https://www.gsc.coffee/goods/goods_view.php?goodsNo=1000000327,,False,False,False,15.2
775,에티오피아 레켐티 G4 내츄럴,15200,소펙스코리아,에티오피아,Natural,https://sopexkorea.com/product/detail.html?product_no=1311,품종: Mixed Heirloom,False,False,False,15.2
690,부룬디 엠파라 미룬디,15000,로열커피,부룬디,워시드,https://royalcoffeekorea.co.kr/goods/goods_view.php?goodsNo=1573,품종: 버번,False,False,False,15.0
1101,시다모 G4 내추럴,15000,세웅지씨,에티오피아,내추럴,https://www.sewoonggc.com:443/shop/item.php?it_id=1484102123,,False,False,False,15.0
1346,아티틀란,15000,세웅지씨,과테말라,,https://www.sewoonggc.com:443/shop/item.php?it_id=1661246667,,False,False,False,15.0
1467,신규입고 인도 아자드 힌드 로부스타 2026,15000,커피리브레,인도,워시드 Washed,https://coffeelibre.kr/product/detail.html?product_no=7825&amp;cate_no=56&amp;display_group=1,품종: 로부스타 Robusta (Old Perdenia),False,False,False,15.0
872,콜롬비아 엑셀소 EP,15000,더드립,콜롬비아,Washed,https://www.thedripmall.com/goods/goods_view.php?goodsNo=1000002729,"품종: Caturra, Castillo",False,False,False,15.0
387,브라질 NY2 FC 17/18 모지아나 · 7월세일,14900,GSC,브라질,Natural,https://www.gsc.coffee/goods/goods_view.php?goodsNo=1000000284,,False,False,False,14.9
746,탄자니아 루부마 A,14900,로열커피,탄자니아,워시드,https://royalcoffeekorea.co.kr/goods/goods_view.php?goodsNo=1600,품종: 버번,False,False,False,14.9
682,품절_8월예정 [에티오피아] 시다모 G4 TOP 내츄럴_블루호라_믹스 후르츠 팜,14900,오로미아,에티오피아,내추럴,https://www.oromia.kr/shop/item.php?it_id=06-S4T,,False,False,False,14.9
1473,신규입고 26 콩고 키부 K4 워시드,14800,코빈즈커피,콩고,워시드,https://www.cobeans.com/shop/detail.php?pno=30F8F6B940D1073D8B6A5EEBC46DD6E5,품종: Heirloom,False,False,False,14.8
1231,세하도 카페브라스,14800,세웅지씨,브라질,,https://www.sewoonggc.com:443/shop/item.php?it_id=1737707106,,False,False,False,14.8
1011,인도 바바부단 리브레 셀렉션,14800,커피리브레,인도,워시드 Washed,https://coffeelibre.kr/product/detail.html?product_no=7823&amp;cate_no=56&amp;display_group=1,품종: S5B,False,False,False,14.8
722,콜롬비아 알마 네그라,14800,로열커피,콜롬비아,워시드,https://royalcoffeekorea.co.kr/goods/goods_view.php?goodsNo=1597,품종: 카투라,False,False,False,14.8
1215,NY2 FC 세하도,14700,세웅지씨,브라질,,https://www.sewoonggc.com:443/shop/item.php?it_id=1483417809,,False,False,False,14.7
385,브라질 NY2 FC 17/18 세하도 · 7월세일,14700,GSC,브라질,Natural,https://www.gsc.coffee/goods/goods_view.php?goodsNo=1000000286,,False,False,False,14.7
29,★세일★ 콜롬비아 안티오키아 메데인 수프리모,14600,알마씨엘로,콜롬비아,워시드,https://www.almacielo.com/shop/detail.php?pno=5C50B4DF4B176845CD235B6A510C6903&amp;rURL=https%3A%2F%2Fwww.almacielo.com%2Fcontent%2Fcontent.php%3Fcont%3Dsimpleorder&amp;ctype=1&amp;cno1=,"품종: CATURRA, CASTILLO",False,False,False,14.6
109,★세일★ 탄자니아 므위카 AA 노스,14600,알마씨엘로,탄자니아,,https://www.almacielo.com/shop/detail.php?pno=0EBCC77DC72360D0EB8E9504C78D38BD&amp;rURL=https%3A%2F%2Fwww.almacielo.com%2Fcontent%2Fcontent.php%3Fcont%3Dsimpleorder&amp;ctype=1&amp;cno1=,,False,False,False,14.6
959,브라질 미나스 제라이스 세하도 프리미엄 NY2 FC SC17/18 내추럴 Brazil,14600,블레스빈,브라질,내추럴 Natural,https://blessbean.co.kr/shop/item.php?it_id=BR-CN2N002,"품종: 카투아이, 아카이아, 문도 노보 Catuai, Acaia, Mundo Novo",False,False,False,14.6
1064,Brazil Premium Cerrado NY2 17/18 FC 브라질 프리미엄 세하도 NY2 17/18 FC,14500,레헴코리아,브라질,내추럴,https://rnccoffee.kr/product/detail.html?product_no=24,"품종: Mundo novo, Catuai Amarelo",False,False,False,14.5
383,브라질 NY2/3 FC 14up 세하도 · 7월세일,14500,GSC,브라질,Natural,https://www.gsc.coffee/goods/goods_view.php?goodsNo=1000001246,,False,False,False,14.5
997,에티오피아 시다모 G4 내추럴 Ethiopia,14500,블레스빈,에티오피아,내추럴 Natural,https://blessbean.co.kr/shop/item.php?it_id=ET-SG4N002,품종: 에어룸 Heirloom,False,False,False,14.5
18,★세일★ 브라질 모지아나 내추럴 NY2 FC,14400,알마씨엘로,브라질,내추럴,https://www.almacielo.com/shop/detail.php?pno=4C56FF4CE4AAF9573AA5DFF913DF997A&amp;rURL=https%3A%2F%2Fwww.almacielo.com%2Fcontent%2Fcontent.php%3Fcont%3Dsimpleorder&amp;ctype=1&amp;cno1=,품종: RED CATUAI,False,False,False,14.4
219,25 에티오피아 시다마 벤사 G4 내추럴,14300,코빈즈커피,에티오피아,내추럴,https://www.cobeans.com/shop/detail.php?pno=B5A1FC2085986034E448D2CCC5BB9703,품종: Heirloom,False,False,False,14.3
957,브라질 모지아나 프리미엄 NY2 FC SC17/18 내추럴 Brazil,14300,블레스빈,브라질,내추럴 Natural,https://blessbean.co.kr/shop/item.php?it_id=BR-MN2N001,"품종: 카투아이, 아카이아, 문도 노보 Catuai, Acaia, Mundo Novo",False,False,False,14.3
1040,인도 로부스타 카피로얄 Scr 17up,14300,소펙스코리아,인도,Washed,https://sopexkorea.com/product/detail.html?product_no=649,품종: Selection 274,False,False,False,14.3
1080,India Robustar Kaapi Royale★18up 인도 로부스타 카피 로얄18up,14200,레헴코리아,인도,워시드,https://rnccoffee.kr/product/detail.html?product_no=57,품종: Robusta,False,False,False,14.2
89,★세일★ 에티오피아 시다모 G4,14200,알마씨엘로,에티오피아,,https://www.almacielo.com/shop/detail.php?pno=0D0FD7C6E093F7B804FA0150B875B868&amp;rURL=https%3A%2F%2Fwww.almacielo.com%2Fcontent%2Fcontent.php%3Fcont%3Dsimpleorder&amp;ctype=1&amp;cno1=,,False,False,False,14.2
881,에티오피아 레드 핀차 G4 N,14200,더드립,에티오피아,Natural,https://www.thedripmall.com/goods/goods_view.php?goodsNo=1000001909,품종: Heirloom,False,False,False,14.2
1399,케린치 루마 가당,14200,세웅지씨,인도네시아,,https://www.sewoonggc.com:443/shop/item.php?it_id=1658825878,,False,False,False,14.2
1091,아마호로 커머셜 워시드 우무간다,13900,세웅지씨,르완다,워시드,https://www.sewoonggc.com:443/shop/item.php?it_id=1759317077,,False,False,False,13.9
1058,Ethiopia Yirgacheffe Woreda Natural G4 에티오피아 예가체프 워레다 내추럴 G4,13000,레헴코리아,에티오피아,내추럴,https://rnccoffee.kr/product/detail.html?product_no=5530,품종: Heirloom Variety,False,False,False,13.0
1384,로부스타 피베리,13000,세웅지씨,파푸아뉴기니,,https://www.sewoonggc.com:443/shop/item.php?it_id=1769796515,,False,False,False,13.0
1334,마르칼라 버본 SHG EP 내추럴,12900,세웅지씨,온두라스,내추럴,https://www.sewoonggc.com:443/shop/item.php?it_id=1706173978,,False,False,False,12.9
1337,마르칼라 버본 SHG EP 워시드,12900,세웅지씨,온두라스,워시드,https://www.sewoonggc.com:443/shop/item.php?it_id=1703240555,,False,False,False,12.9
120,인도 카피로얄 로부스타 AA (2026),12900,알마씨엘로,인도,,https://www.almacielo.com/shop/detail.php?pno=CD758E8F59DFDF06A852ADAD277986CA&amp;rURL=https%3A%2F%2Fwww.almacielo.com%2Fcontent%2Fcontent.php%3Fcont%3Dsimpleorder&amp;ctype=1&amp;cno1=,,False,False,False,12.9
1046,인도 바하리 A,12800,더드립,인도,Washed,https://www.thedripmall.com/goods/goods_view.php?goodsNo=1000001175,품종: Robusta,False,False,False,12.8
874,인도 체리 A,12800,더드립,인도,Natural,https://www.thedripmall.com/goods/goods_view.php?goodsNo=1000002220,품종: Robusta,False,False,False,12.8
1401,인도 몬순 말라바르 아라비카 AA INDIA Monsooned Malabar,12500,세웅지씨,인도,몬순,https://www.sewoonggc.com:443/shop/item.php?it_id=1622769822,,False,False,False,12.5
671,PN-01R,12400,카페노갈레스,콜롬비아,Pulped Natural,https://www.cafenogales.co.kr/product/PN01R,품종: Robusta Huni,False,False,False,12.4
459,니카라과 로부스타 누에바 기니아 카리브 워시드 · 7월세일,12200,GSC,니카라과,Washed,https://www.gsc.coffee/goods/goods_view.php?goodsNo=1000000952,,False,False,False,12.2
687,스윗피넛버터 로부스터 G1A 웻펄프드_지아 라이,12100,오로미아,베트남,웻펄프드,https://www.oromia.kr/shop/item.php?it_id=11-V1,,False,False,False,12.1
119,인도 카피로얄 로부스타 AA (2025),12100,알마씨엘로,인도,,https://www.almacielo.com/shop/detail.php?pno=B2531E7BB29BF22E1DAAE486FAE3417A&amp;rURL=https%3A%2F%2Fwww.almacielo.com%2Fcontent%2Fcontent.php%3Fcont%3Dsimpleorder&amp;ctype=1&amp;cno1=,,False,False,False,12.1
1079,Vietnam Robusta Blue dragon ★18up 베트남 로부스타 블루 드래곤18up,12000,레헴코리아,베트남,웻폴리시드,https://rnccoffee.kr/product/detail.html?product_no=63,품종: Robusta,False,False,False,12.0
118,인도 카피로얄 로부스타 AB,11700,알마씨엘로,인도,,https://www.almacielo.com/shop/detail.php?pno=89AE0FE22C47D374BC9350EF99E01685&amp;rURL=https%3A%2F%2Fwww.almacielo.com%2Fcontent%2Fcontent.php%3Fcont%3Dsimpleorder&amp;ctype=1&amp;cno1=,,False,False,False,11.7
309,인도 쿠르그 로부스타 리브레 셀렉션 2026,11700,커피리브레,인도,워시드 Washed,https://coffeelibre.kr/product/detail.html?product_no=7822&amp;cate_no=56&amp;display_group=1,품종: 로부스타 Robusta,False,False,False,11.7
1351,수프리모 안티오키아 스페셜,11200,세웅지씨,콜롬비아,,https://www.sewoonggc.com:443/shop/item.php?it_id=1623666879,,False,False,False,11.2
1385,로부스타,11100,세웅지씨,파푸아뉴기니,,https://www.sewoonggc.com:443/shop/item.php?it_id=1769793990,,False,False,False,11.1
1400,샨티벨리 스페셜티 워시드 아라비카,10500,세웅지씨,인도,워시드,https://www.sewoonggc.com:443/shop/item.php?it_id=1622769912,,False,False,False,10.5
251,26 우간다 로부스타 내추럴,10300,코빈즈커피,우간다,내추럴,https://www.cobeans.com/shop/detail.php?pno=9D28DE8FF9BB6A3FA41FDDFDC28F3BC1,품종: Kituza Robusta,False,False,False,10.3
1069,Brazil Santos NY2 'Euro Dulce'17/18 FC 브라질 산토스NY2 유로 둘체17/18 FC,9300,레헴코리아,브라질,워시드,https://rnccoffee.kr/product/detail.html?product_no=25,"품종: Catuai, Mundo novo, Vermelho",False,False,False,9.3
1403,로부스타 WP,8400,세웅지씨,베트남,,https://www.sewoonggc.com:443/shop/item.php?it_id=1484872502,,False,False,False,8.4
1082,Vietnam Robusta G1 베트남 로부스타 G1,7500,레헴코리아,베트남,웻폴리시드,https://rnccoffee.kr/product/detail.html?product_no=7988,품종: Robusta,False,False,False,7.5
