{
 "parsed": 0.9615384615384616,
 "item_count_acc": 0.8538461538461538,
 "name_recall": 0.6457345432345432,
 "full_recall": 0.6266805416805417,
 "name_precision": 0.652476583245814,
 "name_f1": 0.6481072666802274,
 "avg_infer_sec": 4.973508366923376
}